nan,nan,nan,nan,nan,nan,nan,1.264000015258789062e+02,1.476000061035156250e+02,1.381000061035156250e+02,1.269000015258789062e+02,1.120000000000000000e+02,8.940000152587890625e+01,6.870000457763671875e+01,6.179999923706054688e+01,4.760000228881835938e+01,5.090000152587890625e+01,3.910000228881835938e+01,3.629999923706054688e+01,3.410000228881835938e+01,3.440000152587890625e+01,3.710000228881835938e+01,4.160000228881835938e+01,4.329999923706054688e+01,4.629999923706054688e+01,4.779999923706054688e+01,5.050000000000000000e+01,4.940000152587890625e+01,4.990000152587890625e+01,4.890000152587890625e+01,4.790000152587890625e+01,5.090000152587890625e+01,6.640000152587890625e+01,7.380000305175781250e+01,7.809999847412109375e+01,7.730000305175781250e+01,8.109999847412109375e+01,8.650000000000000000e+01,7.970000457763671875e+01,6.690000152587890625e+01,5.890000152587890625e+01,5.190000152587890625e+01,7.490000152587890625e+01,nan,nan,8.740000152587890625e+01,nan,nan,nan,nan,nan,nan,nan,nan,nan,nan,nan,nan,nan,nan,nan,nan,nan,nan,nan,nan,nan,1.107000045776367188e+02,1.255999984741210938e+02,1.405000000000000000e+02,1.203000030517578125e+02,1.083000030517578125e+02,1.005999984741210938e+02,9.130000305175781250e+01,8.730000305175781250e+01,nan,nan,nan,nan,nan
nan,nan,nan,nan,nan,nan,nan,nan,1.579000091552734375e+02,1.257000045776367188e+02,nan,nan,nan,nan,nan,nan,nan,4.670000076293945312e+01,3.920000076293945312e+01,3.550000000000000000e+01,3.650000000000000000e+01,3.950000000000000000e+01,4.379999923706054688e+01,4.900000000000000000e+01,5.310000228881835938e+01,5.579999923706054688e+01,5.670000076293945312e+01,5.790000152587890625e+01,5.790000152587890625e+01,5.829999923706054688e+01,6.200000000000000000e+01,6.620000457763671875e+01,7.450000000000000000e+01,8.880000305175781250e+01,9.490000152587890625e+01,8.880000305175781250e+01,9.300000000000000000e+01,7.859999847412109375e+01,7.759999847412109375e+01,8.070000457763671875e+01,6.409999847412109375e+01,6.500000000000000000e+01,7.850000000000000000e+01,nan,nan,8.050000000000000000e+01,nan,nan,9.830000305175781250e+01,1.048000030517578125e+02,nan,nan,nan,nan,nan,nan,nan,nan,nan,nan,nan,nan,nan,nan,nan,nan,8.359999847412109375e+01,8.690000152587890625e+01,8.709999847412109375e+01,nan,nan,nan,nan,nan,6.920000457763671875e+01,6.880000305175781250e+01,nan,nan,nan,nan
nan,nan,nan,nan,nan,nan,nan,1.370000000000000000e+02,1.515000000000000000e+02,1.448000030517578125e+02,nan,nan,nan,nan,nan,nan,nan,nan,nan,nan,4.279999923706054688e+01,4.170000076293945312e+01,4.479999923706054688e+01,5.010000228881835938e+01,5.600000000000000000e+01,6.050000000000000000e+01,6.310000228881835938e+01,6.390000152587890625e+01,6.520000457763671875e+01,6.770000457763671875e+01,6.970000457763671875e+01,7.909999847412109375e+01,8.290000152587890625e+01,9.740000152587890625e+01,1.023000030517578125e+02,9.440000152587890625e+01,9.900000000000000000e+01,9.920000457763671875e+01,9.480000305175781250e+01,8.459999847412109375e+01,7.590000152587890625e+01,9.050000000000000000e+01,nan,nan,nan,nan,nan,nan,8.900000000000000000e+01,nan,nan,nan,nan,nan,nan,nan,nan,nan,nan,nan,nan,nan,nan,nan,7.790000152587890625e+01,7.990000152587890625e+01,7.770000457763671875e+01,nan,nan,nan,7.059999847412109375e+01,7.409999847412109375e+01,nan,nan,nan,4.790000152587890625e+01,5.329999923706054688e+01,nan,7.920000457763671875e+01,1.311999969482421875e+02
nan,1.544000091552734375e+02,1.478000030517578125e+02,1.451999969482421875e+02,1.379000091552734375e+02,nan,nan,1.441999969482421875e+02,1.410000000000000000e+02,1.345000000000000000e+02,1.160000000000000000e+02,1.035000000000000000e+02,9.420000457763671875e+01,6.750000000000000000e+01,5.460000228881835938e+01,4.760000228881835938e+01,5.140000152587890625e+01,4.879999923706054688e+01,nan,nan,nan,nan,5.320000076293945312e+01,6.029999923706054688e+01,6.570000457763671875e+01,5.670000076293945312e+01,6.160000228881835938e+01,6.490000152587890625e+01,6.590000152587890625e+01,7.130000305175781250e+01,8.359999847412109375e+01,8.980000305175781250e+01,9.740000152587890625e+01,9.920000457763671875e+01,1.075999984741210938e+02,1.090999984741210938e+02,1.078000030517578125e+02,1.125000000000000000e+02,1.030999984741210938e+02,8.890000152587890625e+01,7.970000457763671875e+01,7.480000305175781250e+01,8.850000000000000000e+01,8.559999847412109375e+01,8.390000152587890625e+01,nan,nan,nan,9.080000305175781250e+01,1.069000015258789062e+02,1.045000000000000000e+02,nan,nan,nan,nan,nan,nan,nan,nan,nan,nan,nan,nan,7.730000305175781250e+01,8.620000457763671875e+01,7.559999847412109375e+01,7.300000000000000000e+01,nan,6.420000457763671875e+01,6.010000228881835938e+01,5.920000076293945312e+01,6.150000000000000000e+01,5.240000152587890625e+01,nan,3.710000228881835938e+01,3.290000152587890625e+01,6.100000000000000000e+01,9.080000305175781250e+01,9.470000457763671875e+01,7.809999847412109375e+01
nan,1.576999969482421875e+02,1.316999969482421875e+02,1.301000061035156250e+02,1.278000030517578125e+02,1.262000045776367188e+02,1.293000030517578125e+02,1.285000000000000000e+02,1.311000061035156250e+02,1.175999984741210938e+02,1.073000030517578125e+02,9.850000000000000000e+01,8.020000457763671875e+01,7.800000000000000000e+01,6.550000000000000000e+01,5.229999923706054688e+01,4.450000000000000000e+01,nan,nan,nan,nan,nan,nan,nan,nan,nan,nan,nan,nan,nan,nan,nan,9.159999847412109375e+01,9.059999847412109375e+01,9.150000000000000000e+01,9.200000000000000000e+01,nan,1.015000000000000000e+02,9.990000152587890625e+01,9.250000000000000000e+01,9.470000457763671875e+01,9.120000457763671875e+01,9.320000457763671875e+01,nan,nan,nan,8.350000000000000000e+01,8.380000305175781250e+01,9.150000000000000000e+01,1.060999984741210938e+02,1.174000015258789062e+02,nan,nan,nan,nan,nan,nan,nan,nan,nan,nan,nan,nan,9.830000305175781250e+01,9.150000000000000000e+01,8.109999847412109375e+01,7.090000152587890625e+01,nan,5.740000152587890625e+01,5.320000076293945312e+01,5.310000228881835938e+01,5.240000152587890625e+01,nan,3.729999923706054688e+01,3.120000076293945312e+01,3.929999923706054688e+01,4.500000000000000000e+01,4.950000000000000000e+01,4.900000000000000000e+01,5.340000152587890625e+01
nan,nan,1.275999984741210938e+02,1.235000000000000000e+02,1.110999984741210938e+02,1.189000015258789062e+02,1.100999984741210938e+02,1.032000045776367188e+02,9.930000305175781250e+01,9.540000152587890625e+01,9.230000305175781250e+01,9.090000152587890625e+01,8.200000000000000000e+01,7.030000305175781250e+01,6.450000000000000000e+01,6.020000076293945312e+01,4.429999923706054688e+01,3.900000000000000000e+01,3.560000228881835938e+01,nan,nan,nan,nan,nan,nan,nan,nan,nan,nan,nan,nan,nan,nan,nan,nan,nan,nan,8.930000305175781250e+01,nan,nan,nan,nan,nan,nan,8.009999847412109375e+01,7.330000305175781250e+01,7.359999847412109375e+01,8.009999847412109375e+01,8.480000305175781250e+01,9.509999847412109375e+01,1.042000045776367188e+02,1.062000045776367188e+02,1.142000045776367188e+02,nan,nan,nan,nan,nan,nan,nan,nan,9.209999847412109375e+01,1.185999984741210938e+02,9.740000152587890625e+01,8.920000457763671875e+01,7.230000305175781250e+01,4.850000000000000000e+01,6.229999923706054688e+01,5.190000152587890625e+01,5.000000000000000000e+01,4.800000000000000000e+01,nan,4.050000000000000000e+01,3.470000076293945312e+01,4.000000000000000000e+01,3.329999923706054688e+01,2.660000038146972656e+01,2.560000038146972656e+01,2.710000038146972656e+01,3.200000000000000000e+01
nan,1.496999969482421875e+02,1.194000015258789062e+02,1.122000045776367188e+02,1.065000000000000000e+02,9.750000000000000000e+01,9.140000152587890625e+01,9.670000457763671875e+01,9.180000305175781250e+01,8.800000000000000000e+01,8.290000152587890625e+01,7.759999847412109375e+01,7.490000152587890625e+01,6.570000457763671875e+01,6.329999923706054688e+01,5.720000076293945312e+01,4.490000152587890625e+01,3.900000000000000000e+01,3.390000152587890625e+01,4.979999923706054688e+01,nan,nan,nan,nan,nan,nan,nan,nan,nan,nan,nan,nan,nan,nan,nan,nan,nan,nan,nan,nan,nan,nan,nan,nan,7.070000457763671875e+01,7.230000305175781250e+01,7.440000152587890625e+01,7.370000457763671875e+01,7.850000000000000000e+01,8.359999847412109375e+01,9.130000305175781250e+01,1.054000015258789062e+02,1.175999984741210938e+02,1.090999984741210938e+02,nan,nan,nan,nan,nan,nan,9.620000457763671875e+01,9.570000457763671875e+01,9.180000305175781250e+01,9.130000305175781250e+01,6.830000305175781250e+01,5.840000152587890625e+01,5.400000000000000000e+01,4.479999923706054688e+01,3.750000000000000000e+01,4.850000000000000000e+01,nan,4.260000228881835938e+01,3.790000152587890625e+01,4.179999923706054688e+01,3.740000152587890625e+01,2.810000038146972656e+01,1.970000076293945312e+01,1.710000038146972656e+01,1.870000076293945312e+01,2.210000038146972656e+01
nan,1.122000045776367188e+02,1.098000030517578125e+02,1.035000000000000000e+02,9.709999847412109375e+01,8.930000305175781250e+01,7.909999847412109375e+01,7.500000000000000000e+01,7.259999847412109375e+01,7.070000457763671875e+01,6.630000305175781250e+01,7.190000152587890625e+01,6.920000457763671875e+01,6.250000000000000000e+01,5.670000076293945312e+01,5.140000152587890625e+01,4.320000076293945312e+01,4.340000152587890625e+01,3.740000152587890625e+01,3.610000228881835938e+01,4.950000000000000000e+01,nan,5.379999923706054688e+01,nan,nan,nan,nan,nan,nan,nan,nan,nan,nan,nan,nan,nan,8.940000152587890625e+01,9.140000152587890625e+01,9.200000000000000000e+01,nan,nan,nan,nan,nan,nan,nan,6.620000457763671875e+01,nan,7.070000457763671875e+01,7.309999847412109375e+01,7.659999847412109375e+01,8.309999847412109375e+01,1.035000000000000000e+02,9.780000305175781250e+01,1.032000045776367188e+02,nan,nan,nan,nan,nan,nan,9.620000457763671875e+01,1.169000015258789062e+02,9.100000000000000000e+01,6.680000305175781250e+01,5.420000076293945312e+01,6.020000076293945312e+01,6.129999923706054688e+01,5.220000076293945312e+01,4.690000152587890625e+01,nan,4.140000152587890625e+01,3.640000152587890625e+01,3.110000038146972656e+01,3.350000000000000000e+01,2.330000114440917969e+01,1.700000000000000000e+01,1.870000076293945312e+01,2.289999961853027344e+01,2.539999961853027344e+01
nan,1.137000045776367188e+02,1.079000015258789062e+02,1.010000000000000000e+02,9.390000152587890625e+01,8.290000152587890625e+01,6.750000000000000000e+01,5.940000152587890625e+01,5.640000152587890625e+01,5.579999923706054688e+01,5.210000228881835938e+01,5.550000000000000000e+01,5.440000152587890625e+01,5.470000076293945312e+01,4.910000228881835938e+01,4.390000152587890625e+01,3.940000152587890625e+01,3.979999923706054688e+01,3.720000076293945312e+01,3.360000228881835938e+01,nan,nan,4.500000000000000000e+01,4.679999923706054688e+01,nan,4.640000152587890625e+01,4.110000228881835938e+01,nan,nan,nan,nan,nan,nan,nan,nan,nan,7.890000152587890625e+01,8.030000305175781250e+01,7.370000457763671875e+01,7.730000305175781250e+01,nan,nan,nan,nan,nan,nan,nan,nan,nan,nan,nan,7.740000152587890625e+01,8.880000305175781250e+01,9.440000152587890625e+01,9.220000457763671875e+01,nan,nan,nan,nan,9.909999847412109375e+01,9.880000305175781250e+01,1.356000061035156250e+02,1.130000000000000000e+02,8.380000305175781250e+01,5.790000152587890625e+01,4.870000076293945312e+01,7.359999847412109375e+01,6.350000000000000000e+01,nan,nan,nan,3.979999923706054688e+01,3.960000228881835938e+01,3.590000152587890625e+01,2.860000038146972656e+01,2.030000114440917969e+01,1.780000114440917969e+01,2.239999961853027344e+01,3.189999961853027344e+01,3.540000152587890625e+01
nan,1.471999969482421875e+02,1.070999984741210938e+02,9.770000457763671875e+01,8.740000152587890625e+01,7.420000457763671875e+01,6.300000000000000000e+01,5.229999923706054688e+01,4.710000228881835938e+01,4.579999923706054688e+01,4.750000000000000000e+01,4.479999923706054688e+01,4.679999923706054688e+01,4.690000152587890625e+01,5.010000228881835938e+01,4.729999923706054688e+01,4.770000076293945312e+01,4.390000152587890625e+01,3.740000152587890625e+01,3.370000076293945312e+01,nan,nan,nan,nan,4.520000076293945312e+01,3.890000152587890625e+01,3.879999923706054688e+01,3.920000076293945312e+01,3.940000152587890625e+01,nan,nan,nan,nan,nan,nan,nan,6.920000457763671875e+01,7.090000152587890625e+01,6.530000305175781250e+01,6.900000000000000000e+01,nan,nan,nan,nan,nan,nan,nan,nan,nan,nan,6.010000228881835938e+01,6.620000457763671875e+01,7.170000457763671875e+01,7.750000000000000000e+01,nan,8.259999847412109375e+01,8.420000457763671875e+01,nan,nan,9.540000152587890625e+01,1.606000061035156250e+02,1.316000061035156250e+02,9.670000457763671875e+01,7.400000000000000000e+01,4.940000152587890625e+01,4.220000076293945312e+01,7.420000457763671875e+01,6.530000305175781250e+01,nan,nan,4.879999923706054688e+01,nan,3.670000076293945312e+01,3.350000000000000000e+01,2.800000000000000000e+01,2.170000076293945312e+01,2.220000076293945312e+01,2.689999961853027344e+01,3.940000152587890625e+01,4.760000228881835938e+01
nan,nan,1.045000000000000000e+02,9.159999847412109375e+01,8.209999847412109375e+01,7.030000305175781250e+01,5.960000228881835938e+01,5.390000152587890625e+01,4.550000000000000000e+01,4.010000228881835938e+01,3.910000228881835938e+01,3.860000228881835938e+01,4.140000152587890625e+01,4.360000228881835938e+01,4.670000076293945312e+01,5.070000076293945312e+01,5.020000076293945312e+01,4.670000076293945312e+01,4.979999923706054688e+01,4.079999923706054688e+01,3.229999923706054688e+01,nan,nan,nan,nan,nan,nan,3.890000152587890625e+01,3.540000152587890625e+01,nan,nan,nan,nan,nan,nan,nan,5.350000000000000000e+01,5.170000076293945312e+01,4.890000152587890625e+01,4.020000076293945312e+01,nan,nan,nan,nan,nan,nan,nan,nan,nan,4.079999923706054688e+01,4.460000228881835938e+01,5.110000228881835938e+01,5.429999923706054688e+01,5.410000228881835938e+01,6.920000457763671875e+01,6.559999847412109375e+01,7.580000305175781250e+01,8.009999847412109375e+01,8.570000457763671875e+01,1.408000030517578125e+02,1.253000030517578125e+02,1.064000015258789062e+02,8.300000000000000000e+01,5.970000076293945312e+01,4.820000076293945312e+01,7.809999847412109375e+01,4.679999923706054688e+01,5.400000000000000000e+01,6.320000076293945312e+01,nan,nan,4.470000076293945312e+01,3.679999923706054688e+01,3.550000000000000000e+01,3.240000152587890625e+01,3.130000114440917969e+01,3.820000076293945312e+01,4.170000076293945312e+01,5.440000152587890625e+01,4.579999923706054688e+01
nan,nan,1.044000015258789062e+02,9.250000000000000000e+01,7.959999847412109375e+01,6.950000000000000000e+01,5.860000228881835938e+01,4.479999923706054688e+01,4.060000228881835938e+01,3.610000228881835938e+01,3.379999923706054688e+01,4.270000076293945312e+01,4.650000000000000000e+01,4.310000228881835938e+01,4.529999923706054688e+01,4.910000228881835938e+01,5.029999923706054688e+01,4.610000228881835938e+01,4.600000000000000000e+01,4.379999923706054688e+01,3.620000076293945312e+01,3.240000152587890625e+01,nan,nan,nan,nan,nan,nan,nan,nan,nan,nan,nan,nan,nan,nan,2.889999961853027344e+01,2.700000000000000000e+01,2.660000038146972656e+01,2.610000038146972656e+01,nan,nan,nan,nan,nan,1.700000000000000000e+01,1.519999980926513672e+01,nan,1.920000076293945312e+01,2.810000038146972656e+01,2.950000000000000000e+01,3.139999961853027344e+01,3.310000228881835938e+01,3.829999923706054688e+01,4.670000076293945312e+01,5.620000076293945312e+01,7.109999847412109375e+01,nan,8.100000000000000000e+01,1.138000030517578125e+02,1.065999984741210938e+02,8.530000305175781250e+01,6.900000000000000000e+01,5.170000076293945312e+01,4.129999923706054688e+01,3.879999923706054688e+01,4.079999923706054688e+01,4.840000152587890625e+01,6.909999847412109375e+01,5.729999923706054688e+01,6.150000000000000000e+01,5.510000228881835938e+01,4.390000152587890625e+01,4.660000228881835938e+01,5.670000076293945312e+01,5.410000228881835938e+01,nan,6.490000152587890625e+01,8.559999847412109375e+01,8.480000305175781250e+01
nan,nan,1.098000030517578125e+02,9.690000152587890625e+01,8.380000305175781250e+01,6.780000305175781250e+01,5.310000228881835938e+01,4.300000000000000000e+01,3.770000076293945312e+01,3.370000076293945312e+01,3.030000114440917969e+01,3.139999961853027344e+01,4.250000000000000000e+01,4.700000000000000000e+01,4.110000228881835938e+01,4.040000152587890625e+01,4.079999923706054688e+01,4.329999923706054688e+01,3.550000000000000000e+01,3.379999923706054688e+01,3.710000228881835938e+01,3.490000152587890625e+01,3.570000076293945312e+01,3.600000000000000000e+01,3.850000000000000000e+01,nan,nan,nan,nan,nan,nan,nan,nan,nan,nan,nan,2.300000000000000000e+01,2.080000114440917969e+01,1.930000114440917969e+01,2.180000114440917969e+01,nan,nan,nan,nan,nan,1.340000057220458984e+01,1.910000038146972656e+01,1.950000000000000000e+01,2.020000076293945312e+01,2.100000000000000000e+01,2.089999961853027344e+01,2.200000000000000000e+01,2.300000000000000000e+01,4.129999923706054688e+01,4.870000076293945312e+01,nan,nan,nan,7.490000152587890625e+01,1.063000030517578125e+02,9.090000152587890625e+01,7.350000000000000000e+01,5.700000000000000000e+01,4.400000000000000000e+01,4.020000076293945312e+01,3.910000228881835938e+01,3.990000152587890625e+01,4.540000152587890625e+01,5.129999923706054688e+01,5.770000076293945312e+01,6.290000152587890625e+01,6.470000457763671875e+01,5.740000152587890625e+01,6.630000305175781250e+01,7.409999847412109375e+01,7.100000000000000000e+01,9.820000457763671875e+01,1.269000015258789062e+02,1.439000091552734375e+02,8.759999847412109375e+01
nan,nan,1.168000030517578125e+02,1.025000000000000000e+02,8.109999847412109375e+01,6.509999847412109375e+01,5.410000228881835938e+01,4.160000228881835938e+01,3.700000000000000000e+01,3.370000076293945312e+01,3.390000152587890625e+01,3.400000000000000000e+01,3.650000000000000000e+01,4.260000228881835938e+01,4.320000076293945312e+01,4.150000000000000000e+01,4.420000076293945312e+01,3.590000152587890625e+01,3.520000076293945312e+01,3.479999923706054688e+01,3.460000228881835938e+01,3.490000152587890625e+01,3.640000152587890625e+01,3.720000076293945312e+01,3.779999923706054688e+01,4.050000000000000000e+01,3.740000152587890625e+01,nan,nan,nan,nan,nan,nan,nan,nan,nan,nan,1.800000000000000000e+01,1.860000038146972656e+01,nan,nan,nan,nan,nan,1.500000000000000000e+01,1.670000076293945312e+01,2.050000000000000000e+01,2.110000038146972656e+01,2.020000076293945312e+01,2.030000114440917969e+01,2.110000038146972656e+01,2.139999961853027344e+01,3.010000038146972656e+01,nan,nan,nan,nan,nan,7.040000152587890625e+01,1.187000045776367188e+02,8.640000152587890625e+01,6.690000152587890625e+01,5.170000076293945312e+01,3.740000152587890625e+01,3.620000076293945312e+01,3.929999923706054688e+01,4.540000152587890625e+01,4.650000000000000000e+01,5.610000228881835938e+01,6.250000000000000000e+01,5.960000228881835938e+01,6.070000076293945312e+01,6.110000228881835938e+01,6.830000305175781250e+01,7.870000457763671875e+01,9.559999847412109375e+01,9.950000000000000000e+01,nan,nan,nan
nan,nan,1.252000045776367188e+02,1.020000000000000000e+02,7.909999847412109375e+01,7.140000152587890625e+01,6.790000152587890625e+01,5.079999923706054688e+01,3.470000076293945312e+01,3.750000000000000000e+01,3.540000152587890625e+01,3.510000228881835938e+01,3.860000228881835938e+01,4.829999923706054688e+01,5.100000000000000000e+01,4.900000000000000000e+01,4.290000152587890625e+01,4.870000076293945312e+01,5.400000000000000000e+01,5.079999923706054688e+01,4.329999923706054688e+01,4.910000228881835938e+01,5.050000000000000000e+01,5.429999923706054688e+01,5.590000152587890625e+01,3.629999923706054688e+01,2.860000038146972656e+01,nan,nan,nan,nan,nan,nan,nan,nan,nan,nan,2.030000114440917969e+01,1.939999961853027344e+01,1.780000114440917969e+01,2.080000114440917969e+01,2.150000000000000000e+01,1.910000038146972656e+01,1.720000076293945312e+01,1.430000019073486328e+01,1.490000057220458984e+01,1.480000019073486328e+01,1.739999961853027344e+01,2.220000076293945312e+01,2.530000114440917969e+01,2.700000000000000000e+01,nan,nan,nan,nan,nan,3.890000152587890625e+01,4.210000228881835938e+01,1.140000000000000000e+02,7.920000457763671875e+01,7.540000152587890625e+01,6.110000228881835938e+01,4.529999923706054688e+01,3.640000152587890625e+01,3.690000152587890625e+01,3.760000228881835938e+01,4.179999923706054688e+01,4.729999923706054688e+01,4.379999923706054688e+01,4.670000076293945312e+01,5.290000152587890625e+01,5.929999923706054688e+01,6.590000152587890625e+01,6.990000152587890625e+01,7.670000457763671875e+01,8.590000152587890625e+01,nan,nan,nan,nan
nan,1.338000030517578125e+02,1.194000015258789062e+02,1.060999984741210938e+02,8.290000152587890625e+01,6.850000000000000000e+01,6.530000305175781250e+01,6.509999847412109375e+01,5.279999923706054688e+01,4.640000152587890625e+01,4.840000152587890625e+01,4.640000152587890625e+01,4.840000152587890625e+01,5.729999923706054688e+01,6.270000076293945312e+01,6.790000152587890625e+01,6.709999847412109375e+01,6.850000000000000000e+01,7.159999847412109375e+01,8.070000457763671875e+01,7.800000000000000000e+01,6.780000305175781250e+01,6.050000000000000000e+01,6.229999923706054688e+01,4.300000000000000000e+01,3.039999961853027344e+01,3.020000076293945312e+01,nan,nan,nan,nan,nan,nan,nan,nan,nan,nan,2.089999961853027344e+01,2.039999961853027344e+01,1.700000000000000000e+01,1.830000114440917969e+01,1.920000076293945312e+01,1.720000076293945312e+01,1.410000038146972656e+01,1.410000038146972656e+01,1.530000019073486328e+01,1.670000076293945312e+01,1.930000114440917969e+01,2.810000038146972656e+01,nan,nan,nan,nan,3.279999923706054688e+01,3.479999923706054688e+01,6.450000000000000000e+01,6.520000457763671875e+01,5.979999923706054688e+01,6.500000000000000000e+01,6.040000152587890625e+01,5.670000076293945312e+01,5.240000152587890625e+01,4.110000228881835938e+01,3.410000228881835938e+01,3.340000152587890625e+01,3.470000076293945312e+01,3.560000228881835938e+01,4.310000228881835938e+01,5.010000228881835938e+01,6.070000076293945312e+01,6.780000305175781250e+01,6.830000305175781250e+01,7.609999847412109375e+01,6.800000000000000000e+01,6.459999847412109375e+01,7.190000152587890625e+01,nan,nan,nan,nan
nan,1.233000030517578125e+02,1.034000015258789062e+02,8.870000457763671875e+01,8.250000000000000000e+01,6.909999847412109375e+01,6.459999847412109375e+01,6.190000152587890625e+01,5.790000152587890625e+01,5.940000152587890625e+01,6.050000000000000000e+01,5.820000076293945312e+01,6.900000000000000000e+01,7.309999847412109375e+01,8.690000152587890625e+01,9.459999847412109375e+01,9.200000000000000000e+01,8.480000305175781250e+01,7.350000000000000000e+01,6.470000457763671875e+01,5.129999923706054688e+01,4.700000000000000000e+01,4.360000228881835938e+01,3.740000152587890625e+01,4.340000152587890625e+01,3.440000152587890625e+01,2.960000038146972656e+01,3.000000000000000000e+01,3.229999923706054688e+01,2.800000000000000000e+01,2.610000038146972656e+01,1.970000076293945312e+01,2.089999961853027344e+01,1.660000038146972656e+01,nan,nan,nan,nan,nan,1.910000038146972656e+01,2.039999961853027344e+01,1.789999961853027344e+01,1.440000057220458984e+01,1.360000038146972656e+01,1.350000000000000000e+01,1.630000114440917969e+01,1.650000000000000000e+01,1.780000114440917969e+01,nan,nan,nan,nan,4.190000152587890625e+01,4.879999923706054688e+01,5.670000076293945312e+01,6.160000228881835938e+01,5.470000076293945312e+01,5.840000152587890625e+01,5.660000228881835938e+01,5.550000000000000000e+01,5.420000076293945312e+01,4.829999923706054688e+01,4.029999923706054688e+01,3.600000000000000000e+01,3.629999923706054688e+01,3.860000228881835938e+01,3.929999923706054688e+01,4.140000152587890625e+01,4.500000000000000000e+01,5.000000000000000000e+01,5.410000228881835938e+01,5.870000076293945312e+01,6.390000152587890625e+01,6.229999923706054688e+01,6.260000228881835938e+01,6.220000076293945312e+01,9.150000000000000000e+01,9.020000457763671875e+01,nan,nan
nan,nan,nan,9.130000305175781250e+01,7.090000152587890625e+01,7.100000000000000000e+01,6.270000076293945312e+01,6.170000076293945312e+01,6.050000000000000000e+01,5.429999923706054688e+01,nan,nan,5.220000076293945312e+01,nan,nan,nan,nan,8.950000000000000000e+01,7.459999847412109375e+01,6.179999923706054688e+01,5.550000000000000000e+01,4.910000228881835938e+01,4.760000228881835938e+01,4.529999923706054688e+01,4.279999923706054688e+01,4.729999923706054688e+01,4.620000076293945312e+01,4.279999923706054688e+01,3.300000000000000000e+01,2.860000038146972656e+01,1.920000076293945312e+01,2.039999961853027344e+01,2.220000076293945312e+01,2.100000000000000000e+01,1.800000000000000000e+01,1.550000000000000000e+01,1.230000019073486328e+01,nan,nan,1.610000038146972656e+01,2.130000114440917969e+01,1.700000000000000000e+01,1.680000114440917969e+01,1.620000076293945312e+01,1.310000038146972656e+01,1.519999980926513672e+01,1.330000019073486328e+01,1.730000114440917969e+01,nan,nan,4.050000000000000000e+01,4.390000152587890625e+01,4.940000152587890625e+01,4.820000076293945312e+01,4.740000152587890625e+01,4.500000000000000000e+01,4.300000000000000000e+01,4.990000152587890625e+01,5.329999923706054688e+01,4.610000228881835938e+01,4.850000000000000000e+01,4.440000152587890625e+01,4.270000076293945312e+01,3.979999923706054688e+01,4.029999923706054688e+01,4.029999923706054688e+01,4.250000000000000000e+01,4.440000152587890625e+01,4.520000076293945312e+01,4.900000000000000000e+01,5.340000152587890625e+01,5.710000228881835938e+01,6.190000152587890625e+01,6.000000000000000000e+01,5.870000076293945312e+01,5.800000000000000000e+01,6.079999923706054688e+01,8.040000152587890625e+01,nan,nan
nan,nan,nan,nan,nan,nan,nan,nan,nan,nan,nan,nan,nan,nan,nan,nan,nan,6.750000000000000000e+01,6.570000457763671875e+01,5.579999923706054688e+01,4.940000152587890625e+01,5.250000000000000000e+01,5.100000000000000000e+01,4.900000000000000000e+01,4.990000152587890625e+01,5.310000228881835938e+01,5.240000152587890625e+01,6.060000228881835938e+01,3.879999923706054688e+01,2.500000000000000000e+01,2.810000038146972656e+01,2.389999961853027344e+01,2.870000076293945312e+01,2.789999961853027344e+01,1.939999961853027344e+01,1.780000114440917969e+01,1.710000038146972656e+01,1.469999980926513672e+01,1.519999980926513672e+01,1.980000114440917969e+01,2.250000000000000000e+01,2.060000038146972656e+01,1.710000038146972656e+01,1.519999980926513672e+01,1.250000000000000000e+01,1.920000076293945312e+01,nan,nan,nan,2.970000076293945312e+01,3.529999923706054688e+01,5.010000228881835938e+01,5.600000000000000000e+01,5.120000076293945312e+01,4.140000152587890625e+01,3.679999923706054688e+01,4.379999923706054688e+01,4.379999923706054688e+01,4.460000228881835938e+01,4.279999923706054688e+01,4.150000000000000000e+01,4.329999923706054688e+01,4.250000000000000000e+01,4.620000076293945312e+01,4.410000228881835938e+01,3.970000076293945312e+01,4.240000152587890625e+01,4.510000228881835938e+01,4.590000152587890625e+01,5.250000000000000000e+01,5.570000076293945312e+01,5.950000000000000000e+01,6.150000000000000000e+01,5.579999923706054688e+01,5.290000152587890625e+01,5.129999923706054688e+01,4.979999923706054688e+01,7.720000457763671875e+01,nan,nan
nan,nan,nan,nan,nan,nan,nan,nan,nan,nan,nan,nan,nan,nan,nan,nan,nan,4.760000228881835938e+01,5.260000228881835938e+01,5.220000076293945312e+01,5.440000152587890625e+01,5.500000000000000000e+01,5.010000228881835938e+01,4.920000076293945312e+01,5.240000152587890625e+01,5.410000228881835938e+01,5.279999923706054688e+01,5.379999923706054688e+01,4.810000228881835938e+01,3.760000228881835938e+01,3.379999923706054688e+01,3.540000152587890625e+01,3.710000228881835938e+01,3.650000000000000000e+01,2.420000076293945312e+01,1.269999980926513672e+01,1.560000038146972656e+01,1.820000076293945312e+01,2.020000076293945312e+01,2.120000076293945312e+01,2.080000114440917969e+01,2.080000114440917969e+01,1.689999961853027344e+01,1.440000057220458984e+01,1.180000019073486328e+01,1.750000000000000000e+01,nan,1.839999961853027344e+01,1.970000076293945312e+01,2.850000000000000000e+01,6.350000000000000000e+01,6.670000457763671875e+01,5.990000152587890625e+01,6.240000152587890625e+01,5.340000152587890625e+01,5.120000076293945312e+01,4.490000152587890625e+01,4.520000076293945312e+01,4.310000228881835938e+01,3.979999923706054688e+01,4.050000000000000000e+01,3.890000152587890625e+01,4.250000000000000000e+01,4.690000152587890625e+01,4.950000000000000000e+01,4.520000076293945312e+01,4.390000152587890625e+01,4.340000152587890625e+01,4.600000000000000000e+01,4.979999923706054688e+01,5.470000076293945312e+01,5.820000076293945312e+01,5.879999923706054688e+01,5.440000152587890625e+01,5.050000000000000000e+01,4.450000000000000000e+01,4.860000228881835938e+01,4.910000228881835938e+01,6.959999847412109375e+01,5.879999923706054688e+01
nan,nan,nan,nan,nan,nan,nan,nan,nan,nan,nan,nan,nan,nan,nan,nan,nan,4.500000000000000000e+01,4.890000152587890625e+01,4.920000076293945312e+01,4.800000000000000000e+01,5.210000228881835938e+01,4.900000000000000000e+01,4.440000152587890625e+01,4.560000228881835938e+01,5.200000000000000000e+01,4.620000076293945312e+01,4.790000152587890625e+01,4.850000000000000000e+01,4.029999923706054688e+01,3.890000152587890625e+01,3.189999961853027344e+01,5.950000000000000000e+01,6.270000076293945312e+01,4.879999923706054688e+01,1.760000038146972656e+01,1.820000076293945312e+01,1.660000038146972656e+01,1.789999961853027344e+01,1.540000057220458984e+01,1.569999980926513672e+01,1.660000038146972656e+01,1.440000057220458984e+01,1.169999980926513672e+01,1.000000000000000000e+01,1.530000019073486328e+01,nan,2.060000038146972656e+01,3.310000228881835938e+01,5.470000076293945312e+01,7.359999847412109375e+01,6.600000000000000000e+01,7.380000305175781250e+01,6.490000152587890625e+01,6.700000000000000000e+01,5.510000228881835938e+01,4.750000000000000000e+01,4.400000000000000000e+01,3.529999923706054688e+01,3.279999923706054688e+01,3.290000152587890625e+01,3.390000152587890625e+01,4.560000228881835938e+01,5.060000228881835938e+01,5.900000000000000000e+01,7.020000457763671875e+01,5.310000228881835938e+01,6.000000000000000000e+01,5.790000152587890625e+01,6.040000152587890625e+01,7.180000305175781250e+01,7.080000305175781250e+01,6.620000457763671875e+01,5.629999923706054688e+01,4.550000000000000000e+01,4.290000152587890625e+01,4.840000152587890625e+01,5.340000152587890625e+01,4.320000076293945312e+01,3.030000114440917969e+01
nan,nan,nan,nan,nan,nan,nan,nan,nan,1.074000015258789062e+02,nan,nan,nan,nan,nan,nan,nan,3.910000228881835938e+01,4.320000076293945312e+01,4.400000000000000000e+01,4.420000076293945312e+01,4.910000228881835938e+01,4.960000228881835938e+01,4.970000076293945312e+01,4.790000152587890625e+01,4.670000076293945312e+01,3.139999961853027344e+01,5.000000000000000000e+01,4.350000000000000000e+01,4.129999923706054688e+01,4.050000000000000000e+01,4.120000076293945312e+01,5.190000152587890625e+01,7.420000457763671875e+01,6.040000152587890625e+01,5.529999923706054688e+01,3.620000076293945312e+01,2.660000038146972656e+01,3.189999961853027344e+01,2.489999961853027344e+01,2.630000114440917969e+01,2.050000000000000000e+01,1.680000114440917969e+01,9.500000000000000000e+00,1.100000000000000000e+01,1.310000038146972656e+01,1.880000114440917969e+01,2.660000038146972656e+01,3.329999923706054688e+01,5.240000152587890625e+01,5.429999923706054688e+01,6.370000076293945312e+01,6.340000152587890625e+01,6.160000228881835938e+01,6.160000228881835938e+01,5.079999923706054688e+01,4.300000000000000000e+01,4.420000076293945312e+01,3.729999923706054688e+01,3.080000114440917969e+01,2.770000076293945312e+01,3.620000076293945312e+01,4.440000152587890625e+01,4.810000228881835938e+01,5.400000000000000000e+01,5.429999923706054688e+01,4.879999923706054688e+01,6.070000076293945312e+01,4.300000000000000000e+01,5.929999923706054688e+01,5.490000152587890625e+01,5.050000000000000000e+01,6.190000152587890625e+01,6.790000152587890625e+01,4.720000076293945312e+01,4.590000152587890625e+01,5.090000152587890625e+01,5.050000000000000000e+01,4.170000076293945312e+01,3.620000076293945312e+01
nan,nan,nan,nan,nan,nan,nan,nan,nan,nan,nan,nan,nan,nan,nan,nan,3.910000228881835938e+01,3.779999923706054688e+01,3.860000228881835938e+01,4.060000228881835938e+01,4.340000152587890625e+01,4.390000152587890625e+01,4.560000228881835938e+01,4.350000000000000000e+01,4.020000076293945312e+01,3.510000228881835938e+01,3.779999923706054688e+01,3.929999923706054688e+01,4.360000228881835938e+01,4.320000076293945312e+01,3.470000076293945312e+01,5.279999923706054688e+01,4.779999923706054688e+01,6.620000457763671875e+01,7.970000457763671875e+01,8.540000152587890625e+01,6.379999923706054688e+01,6.229999923706054688e+01,6.480000305175781250e+01,5.660000228881835938e+01,4.460000228881835938e+01,4.829999923706054688e+01,2.870000076293945312e+01,2.289999961853027344e+01,1.910000038146972656e+01,2.820000076293945312e+01,3.560000228881835938e+01,2.950000000000000000e+01,4.400000000000000000e+01,4.060000228881835938e+01,4.679999923706054688e+01,5.170000076293945312e+01,4.879999923706054688e+01,4.540000152587890625e+01,4.700000000000000000e+01,4.870000076293945312e+01,4.270000076293945312e+01,4.240000152587890625e+01,3.450000000000000000e+01,2.830000114440917969e+01,2.720000076293945312e+01,3.410000228881835938e+01,4.410000228881835938e+01,4.690000152587890625e+01,5.140000152587890625e+01,5.240000152587890625e+01,6.170000076293945312e+01,4.520000076293945312e+01,4.390000152587890625e+01,5.010000228881835938e+01,5.579999923706054688e+01,5.800000000000000000e+01,5.370000076293945312e+01,4.429999923706054688e+01,4.120000076293945312e+01,4.729999923706054688e+01,5.179999923706054688e+01,5.270000076293945312e+01,4.600000000000000000e+01,4.410000228881835938e+01
nan,nan,nan,nan,nan,nan,nan,nan,nan,nan,nan,nan,nan,nan,nan,4.110000228881835938e+01,3.590000152587890625e+01,3.320000076293945312e+01,3.770000076293945312e+01,3.650000000000000000e+01,3.660000228881835938e+01,3.679999923706054688e+01,3.670000076293945312e+01,3.840000152587890625e+01,3.779999923706054688e+01,3.460000228881835938e+01,3.650000000000000000e+01,4.100000000000000000e+01,4.760000228881835938e+01,3.510000228881835938e+01,3.650000000000000000e+01,5.060000228881835938e+01,6.620000457763671875e+01,5.800000000000000000e+01,6.980000305175781250e+01,7.740000152587890625e+01,8.540000152587890625e+01,8.900000000000000000e+01,9.020000457763671875e+01,9.850000000000000000e+01,8.790000152587890625e+01,6.730000305175781250e+01,4.960000228881835938e+01,3.829999923706054688e+01,3.600000000000000000e+01,2.630000114440917969e+01,2.610000038146972656e+01,3.520000076293945312e+01,3.500000000000000000e+01,3.200000000000000000e+01,2.800000000000000000e+01,3.000000000000000000e+01,3.329999923706054688e+01,3.670000076293945312e+01,3.990000152587890625e+01,3.900000000000000000e+01,3.660000228881835938e+01,3.460000228881835938e+01,3.089999961853027344e+01,2.760000038146972656e+01,2.650000000000000000e+01,3.410000228881835938e+01,3.770000076293945312e+01,4.279999923706054688e+01,4.720000076293945312e+01,5.950000000000000000e+01,5.670000076293945312e+01,4.600000000000000000e+01,5.260000228881835938e+01,6.700000000000000000e+01,7.500000000000000000e+01,7.380000305175781250e+01,6.110000228881835938e+01,3.329999923706054688e+01,3.979999923706054688e+01,4.679999923706054688e+01,4.800000000000000000e+01,4.810000228881835938e+01,4.440000152587890625e+01,4.229999923706054688e+01
nan,nan,nan,nan,nan,nan,nan,nan,nan,nan,nan,nan,nan,5.510000228881835938e+01,nan,3.670000076293945312e+01,3.429999923706054688e+01,3.050000000000000000e+01,2.820000076293945312e+01,2.650000000000000000e+01,3.260000228881835938e+01,3.260000228881835938e+01,3.460000228881835938e+01,3.560000228881835938e+01,3.510000228881835938e+01,3.510000228881835938e+01,3.890000152587890625e+01,3.390000152587890625e+01,4.129999923706054688e+01,3.879999923706054688e+01,3.940000152587890625e+01,4.840000152587890625e+01,5.710000228881835938e+01,6.340000152587890625e+01,5.129999923706054688e+01,4.479999923706054688e+01,4.670000076293945312e+01,5.600000000000000000e+01,6.229999923706054688e+01,6.959999847412109375e+01,8.770000457763671875e+01,8.380000305175781250e+01,5.140000152587890625e+01,3.329999923706054688e+01,3.670000076293945312e+01,4.140000152587890625e+01,3.870000076293945312e+01,3.729999923706054688e+01,3.900000000000000000e+01,3.660000228881835938e+01,2.950000000000000000e+01,2.730000114440917969e+01,2.589999961853027344e+01,2.750000000000000000e+01,2.480000114440917969e+01,2.770000076293945312e+01,2.900000000000000000e+01,3.189999961853027344e+01,2.889999961853027344e+01,2.620000076293945312e+01,2.510000038146972656e+01,3.000000000000000000e+01,3.410000228881835938e+01,3.890000152587890625e+01,4.660000228881835938e+01,5.400000000000000000e+01,5.690000152587890625e+01,6.659999847412109375e+01,6.950000000000000000e+01,8.130000305175781250e+01,8.620000457763671875e+01,7.450000000000000000e+01,4.010000228881835938e+01,3.400000000000000000e+01,4.100000000000000000e+01,4.610000228881835938e+01,5.300000000000000000e+01,5.479999923706054688e+01,4.660000228881835938e+01,4.390000152587890625e+01
nan,nan,nan,nan,nan,nan,nan,nan,nan,nan,nan,8.340000152587890625e+01,6.620000457763671875e+01,5.690000152587890625e+01,4.779999923706054688e+01,3.810000228881835938e+01,3.080000114440917969e+01,2.870000076293945312e+01,2.720000076293945312e+01,2.720000076293945312e+01,3.130000114440917969e+01,2.639999961853027344e+01,3.160000038146972656e+01,3.300000000000000000e+01,2.870000076293945312e+01,3.650000000000000000e+01,2.950000000000000000e+01,3.370000076293945312e+01,3.910000228881835938e+01,4.310000228881835938e+01,4.660000228881835938e+01,4.729999923706054688e+01,4.870000076293945312e+01,5.160000228881835938e+01,4.220000076293945312e+01,4.729999923706054688e+01,4.850000000000000000e+01,3.960000228881835938e+01,3.300000000000000000e+01,3.700000000000000000e+01,4.050000000000000000e+01,3.340000152587890625e+01,3.170000076293945312e+01,3.189999961853027344e+01,3.460000228881835938e+01,3.729999923706054688e+01,3.379999923706054688e+01,6.170000076293945312e+01,5.300000000000000000e+01,4.979999923706054688e+01,3.520000076293945312e+01,2.800000000000000000e+01,2.630000114440917969e+01,2.530000114440917969e+01,2.450000000000000000e+01,2.289999961853027344e+01,2.620000076293945312e+01,3.020000076293945312e+01,2.850000000000000000e+01,2.430000114440917969e+01,2.110000038146972656e+01,2.960000038146972656e+01,3.379999923706054688e+01,4.110000228881835938e+01,4.629999923706054688e+01,5.470000076293945312e+01,6.850000000000000000e+01,7.340000152587890625e+01,7.820000457763671875e+01,7.959999847412109375e+01,7.200000000000000000e+01,5.490000152587890625e+01,3.970000076293945312e+01,3.890000152587890625e+01,4.370000076293945312e+01,5.070000076293945312e+01,5.170000076293945312e+01,4.970000076293945312e+01,4.840000152587890625e+01,4.429999923706054688e+01
nan,nan,nan,nan,nan,nan,nan,nan,nan,nan,9.420000457763671875e+01,8.640000152587890625e+01,7.790000152587890625e+01,6.770000457763671875e+01,5.460000228881835938e+01,4.479999923706054688e+01,3.150000000000000000e+01,3.050000000000000000e+01,3.030000114440917969e+01,3.139999961853027344e+01,2.680000114440917969e+01,2.630000114440917969e+01,2.589999961853027344e+01,2.710000038146972656e+01,2.830000114440917969e+01,2.880000114440917969e+01,2.970000076293945312e+01,3.020000076293945312e+01,3.879999923706054688e+01,4.710000228881835938e+01,4.740000152587890625e+01,4.800000000000000000e+01,4.820000076293945312e+01,4.690000152587890625e+01,4.079999923706054688e+01,3.160000038146972656e+01,5.140000152587890625e+01,4.190000152587890625e+01,3.429999923706054688e+01,3.370000076293945312e+01,2.900000000000000000e+01,2.700000000000000000e+01,2.450000000000000000e+01,2.630000114440917969e+01,2.710000038146972656e+01,2.639999961853027344e+01,4.300000000000000000e+01,3.890000152587890625e+01,2.920000076293945312e+01,3.130000114440917969e+01,3.360000228881835938e+01,1.980000114440917969e+01,1.920000076293945312e+01,2.050000000000000000e+01,2.589999961853027344e+01,2.189999961853027344e+01,2.650000000000000000e+01,2.889999961853027344e+01,3.010000038146972656e+01,2.570000076293945312e+01,2.289999961853027344e+01,2.520000076293945312e+01,3.279999923706054688e+01,4.600000000000000000e+01,5.650000000000000000e+01,6.040000152587890625e+01,6.310000228881835938e+01,6.859999847412109375e+01,7.159999847412109375e+01,6.279999923706054688e+01,5.010000228881835938e+01,4.540000152587890625e+01,4.329999923706054688e+01,3.820000076293945312e+01,4.470000076293945312e+01,5.010000228881835938e+01,5.100000000000000000e+01,5.270000076293945312e+01,5.110000228881835938e+01,4.000000000000000000e+01
nan,nan,nan,nan,nan,nan,nan,nan,nan,nan,9.209999847412109375e+01,8.950000000000000000e+01,7.120000457763671875e+01,6.350000000000000000e+01,6.870000457763671875e+01,6.179999923706054688e+01,3.940000152587890625e+01,3.229999923706054688e+01,3.400000000000000000e+01,3.050000000000000000e+01,2.900000000000000000e+01,2.739999961853027344e+01,2.450000000000000000e+01,2.489999961853027344e+01,2.760000038146972656e+01,2.989999961853027344e+01,3.329999923706054688e+01,3.390000152587890625e+01,3.950000000000000000e+01,4.570000076293945312e+01,5.529999923706054688e+01,5.610000228881835938e+01,4.510000228881835938e+01,3.020000076293945312e+01,2.780000114440917969e+01,2.530000114440917969e+01,3.929999923706054688e+01,3.760000228881835938e+01,2.520000076293945312e+01,2.920000076293945312e+01,2.710000038146972656e+01,2.680000114440917969e+01,2.700000000000000000e+01,2.539999961853027344e+01,2.580000114440917969e+01,3.610000228881835938e+01,3.920000076293945312e+01,4.529999923706054688e+01,3.050000000000000000e+01,3.360000228881835938e+01,3.479999923706054688e+01,1.900000000000000000e+01,1.480000019073486328e+01,1.720000076293945312e+01,1.970000076293945312e+01,2.360000038146972656e+01,3.200000000000000000e+01,3.879999923706054688e+01,4.050000000000000000e+01,3.420000076293945312e+01,2.380000114440917969e+01,3.240000152587890625e+01,3.470000076293945312e+01,4.260000228881835938e+01,5.690000152587890625e+01,6.840000152587890625e+01,7.009999847412109375e+01,7.030000305175781250e+01,5.920000076293945312e+01,3.829999923706054688e+01,3.920000076293945312e+01,3.510000228881835938e+01,4.350000000000000000e+01,4.310000228881835938e+01,4.420000076293945312e+01,4.000000000000000000e+01,4.320000076293945312e+01,4.379999923706054688e+01,4.329999923706054688e+01,4.390000152587890625e+01
nan,nan,nan,nan,nan,nan,nan,nan,nan,nan,nan,nan,nan,nan,7.370000457763671875e+01,6.379999923706054688e+01,4.600000000000000000e+01,3.679999923706054688e+01,2.880000114440917969e+01,2.730000114440917969e+01,2.700000000000000000e+01,2.689999961853027344e+01,2.639999961853027344e+01,2.320000076293945312e+01,2.510000038146972656e+01,2.920000076293945312e+01,3.030000114440917969e+01,3.189999961853027344e+01,3.770000076293945312e+01,5.140000152587890625e+01,5.920000076293945312e+01,5.379999923706054688e+01,4.429999923706054688e+01,3.800000000000000000e+01,3.010000038146972656e+01,3.150000000000000000e+01,2.850000000000000000e+01,2.910000038146972656e+01,2.639999961853027344e+01,2.810000038146972656e+01,2.880000114440917969e+01,2.780000114440917969e+01,3.240000152587890625e+01,2.500000000000000000e+01,3.070000076293945312e+01,3.929999923706054688e+01,4.129999923706054688e+01,2.800000000000000000e+01,2.160000038146972656e+01,3.000000000000000000e+01,3.189999961853027344e+01,2.170000076293945312e+01,2.189999961853027344e+01,1.770000076293945312e+01,1.839999961853027344e+01,2.560000038146972656e+01,4.070000076293945312e+01,4.190000152587890625e+01,3.860000228881835938e+01,3.400000000000000000e+01,3.279999923706054688e+01,3.400000000000000000e+01,3.560000228881835938e+01,3.600000000000000000e+01,4.600000000000000000e+01,5.370000076293945312e+01,5.270000076293945312e+01,4.740000152587890625e+01,4.160000228881835938e+01,3.679999923706054688e+01,3.760000228881835938e+01,3.690000152587890625e+01,3.750000000000000000e+01,3.850000000000000000e+01,3.929999923706054688e+01,4.000000000000000000e+01,3.970000076293945312e+01,4.140000152587890625e+01,4.110000228881835938e+01,3.740000152587890625e+01
nan,nan,nan,nan,nan,nan,nan,nan,nan,nan,nan,nan,nan,nan,7.670000457763671875e+01,nan,5.429999923706054688e+01,4.529999923706054688e+01,nan,nan,2.920000076293945312e+01,2.970000076293945312e+01,2.570000076293945312e+01,2.650000000000000000e+01,2.430000114440917969e+01,2.810000038146972656e+01,2.789999961853027344e+01,3.479999923706054688e+01,4.900000000000000000e+01,6.870000457763671875e+01,7.480000305175781250e+01,6.880000305175781250e+01,4.629999923706054688e+01,3.970000076293945312e+01,4.270000076293945312e+01,3.370000076293945312e+01,2.730000114440917969e+01,2.739999961853027344e+01,3.379999923706054688e+01,3.340000152587890625e+01,3.250000000000000000e+01,3.089999961853027344e+01,3.400000000000000000e+01,3.080000114440917969e+01,3.390000152587890625e+01,4.000000000000000000e+01,2.500000000000000000e+01,2.780000114440917969e+01,2.439999961853027344e+01,3.139999961853027344e+01,2.689999961853027344e+01,2.239999961853027344e+01,2.310000038146972656e+01,2.300000000000000000e+01,2.220000076293945312e+01,2.210000038146972656e+01,2.410000038146972656e+01,3.089999961853027344e+01,2.980000114440917969e+01,2.820000076293945312e+01,2.960000038146972656e+01,2.989999961853027344e+01,3.490000152587890625e+01,3.120000076293945312e+01,3.370000076293945312e+01,3.210000228881835938e+01,3.479999923706054688e+01,4.029999923706054688e+01,3.970000076293945312e+01,4.150000000000000000e+01,3.790000152587890625e+01,3.279999923706054688e+01,3.329999923706054688e+01,3.139999961853027344e+01,3.500000000000000000e+01,3.529999923706054688e+01,3.529999923706054688e+01,3.510000228881835938e+01,3.470000076293945312e+01,3.560000228881835938e+01
nan,nan,nan,nan,nan,nan,nan,nan,1.304000091552734375e+02,1.025000000000000000e+02,9.680000305175781250e+01,1.118000030517578125e+02,8.670000457763671875e+01,nan,nan,nan,nan,nan,nan,nan,nan,nan,2.810000038146972656e+01,2.589999961853027344e+01,2.439999961853027344e+01,2.510000038146972656e+01,3.229999923706054688e+01,3.700000000000000000e+01,3.770000076293945312e+01,4.500000000000000000e+01,4.720000076293945312e+01,6.070000076293945312e+01,5.740000152587890625e+01,4.970000076293945312e+01,4.060000228881835938e+01,3.490000152587890625e+01,3.250000000000000000e+01,3.790000152587890625e+01,3.970000076293945312e+01,3.610000228881835938e+01,3.100000000000000000e+01,2.720000076293945312e+01,2.760000038146972656e+01,3.080000114440917969e+01,3.130000114440917969e+01,4.570000076293945312e+01,3.080000114440917969e+01,2.260000038146972656e+01,1.670000076293945312e+01,2.220000076293945312e+01,2.660000038146972656e+01,2.389999961853027344e+01,3.279999923706054688e+01,2.810000038146972656e+01,2.450000000000000000e+01,1.490000057220458984e+01,1.750000000000000000e+01,2.230000114440917969e+01,2.310000038146972656e+01,2.570000076293945312e+01,2.500000000000000000e+01,2.370000076293945312e+01,2.600000000000000000e+01,2.689999961853027344e+01,2.639999961853027344e+01,2.580000114440917969e+01,2.610000038146972656e+01,2.830000114440917969e+01,3.110000038146972656e+01,3.120000076293945312e+01,3.240000152587890625e+01,2.970000076293945312e+01,2.700000000000000000e+01,2.939999961853027344e+01,2.780000114440917969e+01,2.830000114440917969e+01,2.630000114440917969e+01,2.760000038146972656e+01,3.110000038146972656e+01,3.220000076293945312e+01
nan,nan,nan,nan,nan,nan,nan,nan,nan,nan,1.303000030517578125e+02,1.124000015258789062e+02,1.180000000000000000e+02,6.530000305175781250e+01,5.000000000000000000e+01,5.110000228881835938e+01,4.690000152587890625e+01,3.379999923706054688e+01,3.100000000000000000e+01,3.220000076293945312e+01,2.539999961853027344e+01,2.960000038146972656e+01,nan,2.339999961853027344e+01,2.350000000000000000e+01,2.230000114440917969e+01,3.020000076293945312e+01,3.080000114440917969e+01,3.150000000000000000e+01,3.270000076293945312e+01,3.600000000000000000e+01,4.029999923706054688e+01,4.540000152587890625e+01,3.950000000000000000e+01,3.770000076293945312e+01,3.679999923706054688e+01,4.550000000000000000e+01,4.400000000000000000e+01,4.310000228881835938e+01,3.960000228881835938e+01,3.370000076293945312e+01,2.820000076293945312e+01,2.439999961853027344e+01,2.570000076293945312e+01,3.170000076293945312e+01,3.770000076293945312e+01,3.220000076293945312e+01,2.770000076293945312e+01,2.970000076293945312e+01,3.170000076293945312e+01,4.640000152587890625e+01,4.310000228881835938e+01,2.750000000000000000e+01,1.950000000000000000e+01,1.369999980926513672e+01,1.889999961853027344e+01,2.200000000000000000e+01,2.420000076293945312e+01,2.339999961853027344e+01,2.460000038146972656e+01,2.589999961853027344e+01,2.420000076293945312e+01,2.510000038146972656e+01,2.020000076293945312e+01,2.130000114440917969e+01,2.070000076293945312e+01,1.970000076293945312e+01,2.370000076293945312e+01,2.489999961853027344e+01,2.870000076293945312e+01,2.870000076293945312e+01,2.660000038146972656e+01,2.470000076293945312e+01,2.530000114440917969e+01,2.639999961853027344e+01,2.470000076293945312e+01,2.480000114440917969e+01,2.560000038146972656e+01,2.680000114440917969e+01,3.010000038146972656e+01
1.369000091552734375e+02,nan,nan,nan,nan,nan,nan,nan,nan,nan,nan,1.340000000000000000e+02,1.025000000000000000e+02,6.800000000000000000e+01,5.640000152587890625e+01,4.590000152587890625e+01,3.250000000000000000e+01,2.960000038146972656e+01,2.589999961853027344e+01,2.410000038146972656e+01,2.310000038146972656e+01,1.939999961853027344e+01,1.950000000000000000e+01,nan,2.380000114440917969e+01,2.850000000000000000e+01,2.870000076293945312e+01,2.980000114440917969e+01,3.089999961853027344e+01,3.379999923706054688e+01,3.990000152587890625e+01,3.700000000000000000e+01,3.770000076293945312e+01,4.220000076293945312e+01,4.470000076293945312e+01,4.760000228881835938e+01,5.279999923706054688e+01,4.760000228881835938e+01,4.790000152587890625e+01,4.170000076293945312e+01,3.550000000000000000e+01,2.560000038146972656e+01,2.089999961853027344e+01,2.139999961853027344e+01,2.210000038146972656e+01,2.570000076293945312e+01,2.580000114440917969e+01,2.730000114440917969e+01,2.880000114440917969e+01,2.850000000000000000e+01,2.739999961853027344e+01,2.780000114440917969e+01,1.860000038146972656e+01,1.689999961853027344e+01,1.850000000000000000e+01,1.930000114440917969e+01,2.020000076293945312e+01,2.080000114440917969e+01,2.210000038146972656e+01,2.360000038146972656e+01,2.300000000000000000e+01,2.289999961853027344e+01,2.100000000000000000e+01,1.880000114440917969e+01,1.889999961853027344e+01,1.960000038146972656e+01,1.970000076293945312e+01,2.170000076293945312e+01,2.280000114440917969e+01,2.320000076293945312e+01,2.410000038146972656e+01,2.239999961853027344e+01,2.339999961853027344e+01,2.430000114440917969e+01,2.250000000000000000e+01,2.250000000000000000e+01,2.350000000000000000e+01,2.510000038146972656e+01,2.510000038146972656e+01,2.550000000000000000e+01
1.710000000000000000e+02,1.655000000000000000e+02,1.334000091552734375e+02,1.079000015258789062e+02,1.279000015258789062e+02,nan,nan,nan,nan,1.416000061035156250e+02,9.200000000000000000e+01,1.160999984741210938e+02,1.565000000000000000e+02,1.083000030517578125e+02,6.440000152587890625e+01,3.740000152587890625e+01,3.000000000000000000e+01,2.289999961853027344e+01,2.489999961853027344e+01,1.960000038146972656e+01,1.770000076293945312e+01,1.480000019073486328e+01,2.480000114440917969e+01,nan,nan,nan,nan,3.500000000000000000e+01,3.260000228881835938e+01,3.600000000000000000e+01,3.860000228881835938e+01,3.820000076293945312e+01,3.729999923706054688e+01,4.070000076293945312e+01,4.640000152587890625e+01,4.370000076293945312e+01,4.670000076293945312e+01,4.920000076293945312e+01,4.970000076293945312e+01,4.540000152587890625e+01,3.890000152587890625e+01,3.529999923706054688e+01,2.839999961853027344e+01,2.510000038146972656e+01,2.460000038146972656e+01,2.730000114440917969e+01,2.720000076293945312e+01,2.630000114440917969e+01,2.689999961853027344e+01,2.610000038146972656e+01,2.550000000000000000e+01,2.230000114440917969e+01,1.989999961853027344e+01,1.830000114440917969e+01,1.910000038146972656e+01,2.020000076293945312e+01,2.039999961853027344e+01,2.110000038146972656e+01,2.150000000000000000e+01,2.110000038146972656e+01,2.039999961853027344e+01,1.850000000000000000e+01,1.830000114440917969e+01,1.810000038146972656e+01,1.789999961853027344e+01,1.760000038146972656e+01,1.920000076293945312e+01,2.039999961853027344e+01,2.200000000000000000e+01,2.230000114440917969e+01,2.210000038146972656e+01,2.260000038146972656e+01,2.089999961853027344e+01,2.250000000000000000e+01,2.300000000000000000e+01,2.410000038146972656e+01,2.489999961853027344e+01,2.570000076293945312e+01,2.510000038146972656e+01,2.589999961853027344e+01
1.489000091552734375e+02,1.366999969482421875e+02,1.179000015258789062e+02,1.138000030517578125e+02,1.160999984741210938e+02,1.087000045776367188e+02,1.155000000000000000e+02,1.530000000000000000e+02,nan,1.551000061035156250e+02,1.540000000000000000e+02,1.029000015258789062e+02,1.353000030517578125e+02,8.759999847412109375e+01,4.860000228881835938e+01,3.800000000000000000e+01,3.170000076293945312e+01,2.520000076293945312e+01,2.339999961853027344e+01,2.010000038146972656e+01,1.989999961853027344e+01,2.170000076293945312e+01,1.730000114440917969e+01,2.410000038146972656e+01,nan,nan,nan,nan,3.470000076293945312e+01,3.560000228881835938e+01,4.010000228881835938e+01,3.750000000000000000e+01,3.790000152587890625e+01,4.120000076293945312e+01,4.190000152587890625e+01,4.040000152587890625e+01,4.560000228881835938e+01,4.450000000000000000e+01,4.400000000000000000e+01,4.060000228881835938e+01,3.679999923706054688e+01,3.379999923706054688e+01,3.060000038146972656e+01,2.700000000000000000e+01,2.870000076293945312e+01,2.810000038146972656e+01,2.800000000000000000e+01,2.689999961853027344e+01,2.689999961853027344e+01,2.680000114440917969e+01,2.620000076293945312e+01,2.350000000000000000e+01,2.160000038146972656e+01,2.130000114440917969e+01,2.070000076293945312e+01,1.889999961853027344e+01,1.880000114440917969e+01,1.910000038146972656e+01,2.030000114440917969e+01,2.020000076293945312e+01,1.789999961853027344e+01,1.580000019073486328e+01,1.490000057220458984e+01,1.540000057220458984e+01,1.560000038146972656e+01,1.569999980926513672e+01,1.800000000000000000e+01,1.900000000000000000e+01,1.980000114440917969e+01,1.920000076293945312e+01,1.760000038146972656e+01,1.860000038146972656e+01,2.039999961853027344e+01,2.020000076293945312e+01,2.230000114440917969e+01,2.420000076293945312e+01,2.430000114440917969e+01,2.530000114440917969e+01,2.520000076293945312e+01,2.820000076293945312e+01
1.306999969482421875e+02,1.165999984741210938e+02,1.059000015258789062e+02,1.198000030517578125e+02,9.490000152587890625e+01,9.780000305175781250e+01,1.150000000000000000e+02,1.147000045776367188e+02,nan,nan,1.734000091552734375e+02,1.769000091552734375e+02,1.608000030517578125e+02,8.840000152587890625e+01,4.700000000000000000e+01,4.160000228881835938e+01,3.860000228881835938e+01,3.260000228881835938e+01,2.620000076293945312e+01,2.400000000000000000e+01,2.200000000000000000e+01,2.350000000000000000e+01,2.200000000000000000e+01,2.989999961853027344e+01,nan,nan,nan,nan,nan,3.450000000000000000e+01,nan,3.620000076293945312e+01,4.120000076293945312e+01,3.950000000000000000e+01,3.779999923706054688e+01,3.900000000000000000e+01,4.440000152587890625e+01,4.340000152587890625e+01,4.290000152587890625e+01,4.220000076293945312e+01,3.890000152587890625e+01,3.560000228881835938e+01,3.260000228881835938e+01,3.089999961853027344e+01,3.120000076293945312e+01,3.030000114440917969e+01,3.089999961853027344e+01,2.970000076293945312e+01,2.830000114440917969e+01,2.660000038146972656e+01,2.670000076293945312e+01,2.580000114440917969e+01,2.560000038146972656e+01,2.489999961853027344e+01,2.310000038146972656e+01,2.200000000000000000e+01,2.110000038146972656e+01,2.000000000000000000e+01,2.020000076293945312e+01,1.989999961853027344e+01,1.789999961853027344e+01,1.820000076293945312e+01,1.600000000000000000e+01,1.600000000000000000e+01,1.360000038146972656e+01,1.550000000000000000e+01,1.590000057220458984e+01,1.650000000000000000e+01,1.780000114440917969e+01,1.800000000000000000e+01,1.850000000000000000e+01,1.930000114440917969e+01,1.960000038146972656e+01,2.060000038146972656e+01,2.160000038146972656e+01,2.239999961853027344e+01,2.520000076293945312e+01,2.439999961853027344e+01,2.639999961853027344e+01,2.810000038146972656e+01
1.195999984741210938e+02,1.139000015258789062e+02,1.008000030517578125e+02,9.170000457763671875e+01,8.070000457763671875e+01,7.430000305175781250e+01,7.790000152587890625e+01,9.720000457763671875e+01,nan,nan,1.649000091552734375e+02,1.018000030517578125e+02,9.800000000000000000e+01,6.630000305175781250e+01,4.860000228881835938e+01,5.270000076293945312e+01,7.740000152587890625e+01,4.420000076293945312e+01,3.070000076293945312e+01,2.730000114440917969e+01,2.630000114440917969e+01,nan,nan,nan,nan,nan,nan,nan,nan,4.010000228881835938e+01,4.129999923706054688e+01,4.029999923706054688e+01,4.490000152587890625e+01,4.240000152587890625e+01,4.050000000000000000e+01,4.060000228881835938e+01,4.240000152587890625e+01,4.260000228881835938e+01,4.729999923706054688e+01,4.500000000000000000e+01,4.270000076293945312e+01,3.760000228881835938e+01,3.379999923706054688e+01,3.130000114440917969e+01,3.250000000000000000e+01,3.100000000000000000e+01,2.980000114440917969e+01,2.770000076293945312e+01,2.970000076293945312e+01,2.880000114440917969e+01,2.889999961853027344e+01,3.039999961853027344e+01,3.070000076293945312e+01,2.939999961853027344e+01,2.760000038146972656e+01,2.589999961853027344e+01,2.250000000000000000e+01,2.180000114440917969e+01,2.180000114440917969e+01,2.400000000000000000e+01,2.330000114440917969e+01,2.139999961853027344e+01,2.030000114440917969e+01,1.910000038146972656e+01,1.689999961853027344e+01,1.650000000000000000e+01,1.730000114440917969e+01,1.639999961853027344e+01,2.020000076293945312e+01,2.030000114440917969e+01,2.000000000000000000e+01,1.960000038146972656e+01,2.070000076293945312e+01,2.200000000000000000e+01,2.339999961853027344e+01,2.280000114440917969e+01,2.380000114440917969e+01,2.660000038146972656e+01,2.689999961853027344e+01,2.880000114440917969e+01
1.311999969482421875e+02,1.202000045776367188e+02,1.090000000000000000e+02,9.980000305175781250e+01,9.209999847412109375e+01,8.290000152587890625e+01,7.659999847412109375e+01,7.659999847412109375e+01,nan,nan,nan,nan,nan,1.331000061035156250e+02,7.559999847412109375e+01,8.330000305175781250e+01,6.459999847412109375e+01,3.720000076293945312e+01,3.500000000000000000e+01,3.429999923706054688e+01,3.729999923706054688e+01,nan,nan,nan,nan,nan,nan,nan,nan,nan,nan,nan,nan,nan,4.800000000000000000e+01,4.420000076293945312e+01,4.510000228881835938e+01,4.540000152587890625e+01,4.390000152587890625e+01,4.050000000000000000e+01,3.729999923706054688e+01,3.279999923706054688e+01,3.200000000000000000e+01,3.010000038146972656e+01,3.010000038146972656e+01,3.080000114440917969e+01,2.880000114440917969e+01,2.710000038146972656e+01,2.589999961853027344e+01,2.930000114440917969e+01,3.160000038146972656e+01,3.329999923706054688e+01,3.510000228881835938e+01,3.329999923706054688e+01,3.210000228881835938e+01,3.020000076293945312e+01,2.720000076293945312e+01,2.610000038146972656e+01,2.550000000000000000e+01,2.770000076293945312e+01,2.610000038146972656e+01,2.580000114440917969e+01,2.410000038146972656e+01,2.060000038146972656e+01,1.860000038146972656e+01,1.660000038146972656e+01,1.620000076293945312e+01,1.789999961853027344e+01,1.839999961853027344e+01,2.189999961853027344e+01,2.110000038146972656e+01,2.180000114440917969e+01,2.150000000000000000e+01,2.350000000000000000e+01,2.450000000000000000e+01,2.400000000000000000e+01,2.510000038146972656e+01,2.789999961853027344e+01,2.800000000000000000e+01,2.860000038146972656e+01
1.153000030517578125e+02,1.105000000000000000e+02,1.094000015258789062e+02,1.194000015258789062e+02,1.279000015258789062e+02,9.220000457763671875e+01,8.040000152587890625e+01,9.450000000000000000e+01,8.650000000000000000e+01,1.540000000000000000e+02,1.746999969482421875e+02,1.410000000000000000e+02,1.461999969482421875e+02,1.566000061035156250e+02,1.185000000000000000e+02,1.100000000000000000e+02,6.160000228881835938e+01,4.220000076293945312e+01,4.290000152587890625e+01,4.650000000000000000e+01,nan,nan,nan,nan,nan,nan,nan,nan,nan,nan,nan,nan,nan,nan,nan,nan,nan,4.429999923706054688e+01,4.740000152587890625e+01,4.400000000000000000e+01,3.829999923706054688e+01,3.329999923706054688e+01,3.360000228881835938e+01,3.260000228881835938e+01,2.870000076293945312e+01,2.789999961853027344e+01,2.750000000000000000e+01,3.089999961853027344e+01,2.920000076293945312e+01,2.939999961853027344e+01,3.130000114440917969e+01,3.010000038146972656e+01,3.210000228881835938e+01,3.329999923706054688e+01,3.250000000000000000e+01,3.410000228881835938e+01,3.310000228881835938e+01,2.560000038146972656e+01,2.700000000000000000e+01,3.100000000000000000e+01,3.250000000000000000e+01,3.379999923706054688e+01,2.910000038146972656e+01,2.439999961853027344e+01,2.180000114440917969e+01,1.910000038146972656e+01,1.800000000000000000e+01,1.850000000000000000e+01,2.230000114440917969e+01,2.420000076293945312e+01,2.480000114440917969e+01,2.460000038146972656e+01,2.510000038146972656e+01,2.450000000000000000e+01,2.480000114440917969e+01,2.660000038146972656e+01,2.550000000000000000e+01,2.770000076293945312e+01,2.930000114440917969e+01,2.910000038146972656e+01
nan,nan,1.223000030517578125e+02,1.371000061035156250e+02,1.240000000000000000e+02,1.145000000000000000e+02,9.440000152587890625e+01,6.970000457763671875e+01,6.920000457763671875e+01,1.315000000000000000e+02,9.070000457763671875e+01,8.990000152587890625e+01,1.295000000000000000e+02,1.361000061035156250e+02,7.680000305175781250e+01,8.409999847412109375e+01,4.320000076293945312e+01,3.010000038146972656e+01,5.300000000000000000e+01,nan,nan,nan,nan,nan,nan,nan,nan,nan,nan,nan,nan,nan,nan,nan,nan,nan,4.650000000000000000e+01,4.629999923706054688e+01,4.429999923706054688e+01,3.979999923706054688e+01,3.610000228881835938e+01,3.250000000000000000e+01,2.860000038146972656e+01,2.700000000000000000e+01,2.839999961853027344e+01,2.850000000000000000e+01,2.830000114440917969e+01,2.910000038146972656e+01,nan,nan,2.770000076293945312e+01,nan,nan,2.889999961853027344e+01,3.030000114440917969e+01,3.050000000000000000e+01,2.850000000000000000e+01,2.789999961853027344e+01,nan,2.689999961853027344e+01,3.440000152587890625e+01,3.590000152587890625e+01,2.639999961853027344e+01,2.530000114440917969e+01,2.370000076293945312e+01,2.130000114440917969e+01,1.960000038146972656e+01,1.910000038146972656e+01,1.920000076293945312e+01,2.239999961853027344e+01,2.389999961853027344e+01,2.570000076293945312e+01,2.400000000000000000e+01,2.380000114440917969e+01,2.520000076293945312e+01,2.680000114440917969e+01,2.839999961853027344e+01,3.120000076293945312e+01,3.030000114440917969e+01,3.020000076293945312e+01
nan,nan,nan,1.145000000000000000e+02,1.084000015258789062e+02,8.570000457763671875e+01,7.600000000000000000e+01,7.200000000000000000e+01,1.194000015258789062e+02,1.219000015258789062e+02,9.159999847412109375e+01,1.395000000000000000e+02,1.038000030517578125e+02,1.130000000000000000e+02,8.370000457763671875e+01,6.659999847412109375e+01,4.629999923706054688e+01,5.370000076293945312e+01,nan,nan,nan,nan,nan,nan,nan,nan,nan,nan,nan,nan,nan,nan,nan,nan,nan,nan,4.410000228881835938e+01,4.329999923706054688e+01,4.420000076293945312e+01,3.490000152587890625e+01,3.130000114440917969e+01,2.710000038146972656e+01,2.580000114440917969e+01,2.530000114440917969e+01,2.420000076293945312e+01,2.600000000000000000e+01,2.550000000000000000e+01,2.660000038146972656e+01,2.630000114440917969e+01,2.650000000000000000e+01,2.560000038146972656e+01,nan,nan,nan,nan,nan,nan,nan,nan,nan,nan,nan,2.989999961853027344e+01,2.850000000000000000e+01,2.780000114440917969e+01,2.430000114440917969e+01,2.120000076293945312e+01,2.100000000000000000e+01,1.720000076293945312e+01,1.720000076293945312e+01,2.360000038146972656e+01,2.480000114440917969e+01,2.520000076293945312e+01,2.380000114440917969e+01,2.480000114440917969e+01,2.580000114440917969e+01,2.830000114440917969e+01,2.950000000000000000e+01,3.060000038146972656e+01,2.980000114440917969e+01
nan,nan,nan,nan,nan,nan,nan,1.188000030517578125e+02,8.320000457763671875e+01,9.600000000000000000e+01,9.620000457763671875e+01,9.080000305175781250e+01,5.870000076293945312e+01,5.020000076293945312e+01,5.340000152587890625e+01,4.360000228881835938e+01,6.070000076293945312e+01,nan,nan,nan,nan,nan,nan,nan,nan,nan,nan,nan,nan,nan,nan,nan,nan,nan,nan,nan,4.190000152587890625e+01,4.260000228881835938e+01,4.290000152587890625e+01,3.560000228881835938e+01,3.579999923706054688e+01,3.139999961853027344e+01,2.350000000000000000e+01,2.410000038146972656e+01,2.460000038146972656e+01,2.580000114440917969e+01,2.810000038146972656e+01,3.010000038146972656e+01,2.780000114440917969e+01,nan,nan,nan,nan,nan,nan,nan,nan,nan,nan,nan,nan,nan,3.260000228881835938e+01,3.370000076293945312e+01,3.210000228881835938e+01,2.730000114440917969e+01,2.230000114440917969e+01,1.920000076293945312e+01,1.850000000000000000e+01,1.930000114440917969e+01,2.000000000000000000e+01,2.550000000000000000e+01,2.470000076293945312e+01,2.510000038146972656e+01,2.410000038146972656e+01,2.360000038146972656e+01,2.580000114440917969e+01,2.630000114440917969e+01,2.610000038146972656e+01,2.820000076293945312e+01
nan,nan,nan,nan,nan,nan,1.090000000000000000e+02,1.115000000000000000e+02,1.423000030517578125e+02,2.096999969482421875e+02,2.396000061035156250e+02,1.436000061035156250e+02,9.450000000000000000e+01,5.579999923706054688e+01,6.840000152587890625e+01,nan,nan,nan,nan,nan,nan,nan,nan,nan,nan,nan,nan,nan,nan,nan,nan,nan,nan,nan,nan,nan,4.079999923706054688e+01,4.040000152587890625e+01,3.729999923706054688e+01,3.479999923706054688e+01,2.710000038146972656e+01,2.200000000000000000e+01,nan,nan,2.289999961853027344e+01,2.770000076293945312e+01,3.400000000000000000e+01,3.139999961853027344e+01,2.989999961853027344e+01,2.870000076293945312e+01,2.660000038146972656e+01,2.410000038146972656e+01,2.089999961853027344e+01,2.030000114440917969e+01,nan,nan,nan,nan,nan,nan,nan,nan,3.450000000000000000e+01,3.660000228881835938e+01,3.479999923706054688e+01,3.110000038146972656e+01,2.530000114440917969e+01,1.930000114440917969e+01,1.780000114440917969e+01,1.689999961853027344e+01,2.010000038146972656e+01,2.130000114440917969e+01,1.980000114440917969e+01,1.860000038146972656e+01,1.960000038146972656e+01,2.070000076293945312e+01,2.230000114440917969e+01,2.450000000000000000e+01,2.550000000000000000e+01,2.710000038146972656e+01
nan,nan,nan,nan,1.055999984741210938e+02,1.070000000000000000e+02,1.062000045776367188e+02,1.095000000000000000e+02,1.789000091552734375e+02,2.149000091552734375e+02,2.070000000000000000e+02,1.601000061035156250e+02,1.009000015258789062e+02,9.200000000000000000e+01,7.930000305175781250e+01,7.380000305175781250e+01,nan,nan,nan,nan,nan,nan,nan,nan,nan,nan,nan,nan,nan,nan,nan,nan,nan,nan,nan,nan,4.240000152587890625e+01,3.690000152587890625e+01,3.260000228881835938e+01,3.320000076293945312e+01,2.839999961853027344e+01,3.089999961853027344e+01,nan,nan,2.439999961853027344e+01,2.980000114440917969e+01,3.310000228881835938e+01,3.250000000000000000e+01,3.120000076293945312e+01,2.839999961853027344e+01,2.589999961853027344e+01,2.330000114440917969e+01,1.830000114440917969e+01,1.760000038146972656e+01,nan,nan,2.180000114440917969e+01,nan,nan,nan,nan,nan,3.410000228881835938e+01,3.860000228881835938e+01,3.529999923706054688e+01,3.360000228881835938e+01,2.760000038146972656e+01,2.410000038146972656e+01,2.070000076293945312e+01,2.030000114440917969e+01,1.980000114440917969e+01,2.120000076293945312e+01,1.989999961853027344e+01,1.889999961853027344e+01,1.830000114440917969e+01,2.180000114440917969e+01,2.220000076293945312e+01,2.670000076293945312e+01,2.939999961853027344e+01,2.980000114440917969e+01
nan,nan,nan,nan,nan,1.060000000000000000e+02,1.127000045776367188e+02,1.518000030517578125e+02,1.726999969482421875e+02,1.848000030517578125e+02,1.248000030517578125e+02,9.309999847412109375e+01,7.850000000000000000e+01,7.590000152587890625e+01,8.059999847412109375e+01,6.450000000000000000e+01,7.820000457763671875e+01,nan,nan,nan,nan,nan,nan,nan,nan,nan,nan,nan,nan,nan,nan,nan,nan,nan,nan,nan,nan,3.990000152587890625e+01,3.690000152587890625e+01,2.830000114440917969e+01,2.530000114440917969e+01,3.440000152587890625e+01,3.130000114440917969e+01,3.139999961853027344e+01,3.520000076293945312e+01,3.479999923706054688e+01,3.570000076293945312e+01,3.360000228881835938e+01,3.180000114440917969e+01,2.870000076293945312e+01,2.639999961853027344e+01,2.289999961853027344e+01,1.960000038146972656e+01,1.770000076293945312e+01,1.660000038146972656e+01,nan,1.910000038146972656e+01,2.230000114440917969e+01,nan,nan,nan,nan,2.689999961853027344e+01,3.460000228881835938e+01,3.290000152587890625e+01,3.189999961853027344e+01,2.730000114440917969e+01,nan,2.330000114440917969e+01,2.370000076293945312e+01,2.360000038146972656e+01,2.289999961853027344e+01,2.060000038146972656e+01,1.939999961853027344e+01,1.989999961853027344e+01,2.239999961853027344e+01,2.660000038146972656e+01,2.770000076293945312e+01,2.930000114440917969e+01,2.750000000000000000e+01
nan,nan,nan,nan,nan,1.165000000000000000e+02,1.260000000000000000e+02,1.252000045776367188e+02,1.466999969482421875e+02,1.636999969482421875e+02,1.286000061035156250e+02,7.040000152587890625e+01,9.950000000000000000e+01,4.329999923706054688e+01,5.140000152587890625e+01,8.180000305175781250e+01,8.000000000000000000e+01,nan,nan,nan,nan,nan,nan,nan,nan,nan,nan,nan,nan,nan,nan,nan,nan,nan,nan,nan,nan,nan,nan,3.560000228881835938e+01,3.329999923706054688e+01,2.880000114440917969e+01,nan,3.779999923706054688e+01,4.040000152587890625e+01,3.670000076293945312e+01,3.350000000000000000e+01,3.300000000000000000e+01,2.930000114440917969e+01,2.680000114440917969e+01,2.630000114440917969e+01,2.310000038146972656e+01,1.850000000000000000e+01,1.610000038146972656e+01,nan,nan,1.670000076293945312e+01,2.400000000000000000e+01,2.189999961853027344e+01,nan,nan,nan,nan,2.480000114440917969e+01,3.050000000000000000e+01,2.470000076293945312e+01,nan,nan,2.500000000000000000e+01,2.460000038146972656e+01,2.430000114440917969e+01,2.250000000000000000e+01,2.060000038146972656e+01,2.350000000000000000e+01,2.510000038146972656e+01,2.710000038146972656e+01,3.039999961853027344e+01,3.150000000000000000e+01,3.310000228881835938e+01,3.210000228881835938e+01
nan,nan,nan,nan,nan,1.281000061035156250e+02,1.383000030517578125e+02,1.279000015258789062e+02,nan,1.179000015258789062e+02,1.464000091552734375e+02,1.042000045776367188e+02,7.959999847412109375e+01,9.309999847412109375e+01,nan,nan,nan,nan,nan,nan,nan,nan,nan,nan,nan,nan,nan,nan,nan,nan,nan,6.060000228881835938e+01,6.020000076293945312e+01,1.005000000000000000e+02,9.730000305175781250e+01,8.259999847412109375e+01,7.609999847412109375e+01,4.400000000000000000e+01,nan,nan,nan,nan,3.000000000000000000e+01,3.770000076293945312e+01,3.850000000000000000e+01,3.250000000000000000e+01,2.800000000000000000e+01,2.670000076293945312e+01,2.220000076293945312e+01,2.260000038146972656e+01,2.080000114440917969e+01,1.850000000000000000e+01,1.480000019073486328e+01,1.360000038146972656e+01,nan,nan,nan,nan,1.660000038146972656e+01,nan,nan,nan,nan,2.510000038146972656e+01,2.870000076293945312e+01,2.780000114440917969e+01,2.660000038146972656e+01,2.650000000000000000e+01,3.020000076293945312e+01,3.010000038146972656e+01,2.839999961853027344e+01,2.860000038146972656e+01,2.600000000000000000e+01,2.460000038146972656e+01,2.680000114440917969e+01,2.780000114440917969e+01,3.240000152587890625e+01,3.550000000000000000e+01,3.350000000000000000e+01,3.250000000000000000e+01
nan,nan,nan,nan,nan,nan,nan,nan,nan,1.252000045776367188e+02,1.210999984741210938e+02,1.112000045776367188e+02,9.990000152587890625e+01,6.880000305175781250e+01,8.590000152587890625e+01,nan,nan,nan,nan,nan,nan,nan,nan,nan,nan,nan,nan,nan,nan,nan,nan,7.930000305175781250e+01,1.219000015258789062e+02,1.037000045776367188e+02,8.659999847412109375e+01,6.310000228881835938e+01,5.229999923706054688e+01,5.029999923706054688e+01,4.329999923706054688e+01,3.690000152587890625e+01,nan,3.080000114440917969e+01,3.400000000000000000e+01,3.890000152587890625e+01,3.510000228881835938e+01,2.700000000000000000e+01,2.420000076293945312e+01,2.220000076293945312e+01,2.300000000000000000e+01,2.170000076293945312e+01,2.030000114440917969e+01,1.780000114440917969e+01,1.260000038146972656e+01,1.150000000000000000e+01,1.360000038146972656e+01,1.390000057220458984e+01,1.450000000000000000e+01,nan,nan,nan,nan,nan,nan,nan,2.560000038146972656e+01,3.020000076293945312e+01,2.860000038146972656e+01,3.329999923706054688e+01,3.479999923706054688e+01,3.700000000000000000e+01,3.400000000000000000e+01,3.279999923706054688e+01,3.170000076293945312e+01,3.039999961853027344e+01,2.970000076293945312e+01,2.920000076293945312e+01,3.240000152587890625e+01,3.500000000000000000e+01,3.490000152587890625e+01,3.410000228881835938e+01
nan,nan,nan,nan,nan,nan,nan,nan,nan,nan,nan,nan,nan,9.590000152587890625e+01,8.890000152587890625e+01,nan,nan,nan,nan,nan,nan,nan,nan,nan,nan,nan,nan,nan,nan,nan,7.680000305175781250e+01,1.080999984741210938e+02,1.383000030517578125e+02,1.032000045776367188e+02,7.170000457763671875e+01,4.710000228881835938e+01,4.170000076293945312e+01,4.120000076293945312e+01,3.450000000000000000e+01,3.700000000000000000e+01,3.729999923706054688e+01,2.970000076293945312e+01,3.180000114440917969e+01,3.370000076293945312e+01,3.160000038146972656e+01,2.800000000000000000e+01,2.330000114440917969e+01,2.080000114440917969e+01,2.030000114440917969e+01,2.030000114440917969e+01,2.089999961853027344e+01,1.410000038146972656e+01,1.319999980926513672e+01,1.210000038146972656e+01,1.169999980926513672e+01,1.240000057220458984e+01,1.330000019073486328e+01,1.580000019073486328e+01,1.590000057220458984e+01,1.670000076293945312e+01,nan,nan,nan,nan,nan,2.689999961853027344e+01,2.710000038146972656e+01,3.310000228881835938e+01,3.720000076293945312e+01,3.890000152587890625e+01,3.720000076293945312e+01,3.720000076293945312e+01,3.579999923706054688e+01,3.579999923706054688e+01,3.030000114440917969e+01,2.680000114440917969e+01,3.429999923706054688e+01,3.790000152587890625e+01,3.790000152587890625e+01,3.890000152587890625e+01
nan,nan,nan,nan,nan,nan,nan,nan,nan,nan,nan,nan,nan,nan,nan,nan,nan,8.609999847412109375e+01,nan,nan,nan,nan,nan,nan,nan,nan,nan,nan,nan,nan,1.311999969482421875e+02,1.359000091552734375e+02,1.135999984741210938e+02,7.820000457763671875e+01,6.250000000000000000e+01,4.010000228881835938e+01,2.670000076293945312e+01,2.820000076293945312e+01,2.620000076293945312e+01,3.139999961853027344e+01,2.350000000000000000e+01,2.089999961853027344e+01,2.239999961853027344e+01,2.210000038146972656e+01,2.180000114440917969e+01,1.960000038146972656e+01,2.139999961853027344e+01,1.700000000000000000e+01,2.100000000000000000e+01,1.789999961853027344e+01,1.850000000000000000e+01,1.560000038146972656e+01,1.350000000000000000e+01,1.260000038146972656e+01,1.330000019073486328e+01,1.340000057220458984e+01,1.280000019073486328e+01,1.300000000000000000e+01,1.500000000000000000e+01,nan,nan,nan,nan,nan,2.720000076293945312e+01,2.800000000000000000e+01,2.650000000000000000e+01,2.670000076293945312e+01,3.120000076293945312e+01,nan,nan,3.329999923706054688e+01,3.370000076293945312e+01,3.229999923706054688e+01,nan,nan,3.570000076293945312e+01,3.670000076293945312e+01,4.200000000000000000e+01,4.760000228881835938e+01
nan,nan,nan,nan,nan,nan,nan,nan,nan,nan,nan,nan,nan,nan,nan,nan,1.017000045776367188e+02,9.890000152587890625e+01,nan,nan,nan,nan,nan,nan,nan,nan,nan,nan,nan,nan,1.208000030517578125e+02,1.738000030517578125e+02,1.184000015258789062e+02,7.500000000000000000e+01,6.759999847412109375e+01,3.770000076293945312e+01,2.289999961853027344e+01,1.910000038146972656e+01,2.270000076293945312e+01,2.680000114440917969e+01,2.260000038146972656e+01,2.550000000000000000e+01,1.910000038146972656e+01,1.739999961853027344e+01,1.760000038146972656e+01,2.160000038146972656e+01,2.030000114440917969e+01,1.770000076293945312e+01,1.910000038146972656e+01,1.760000038146972656e+01,1.770000076293945312e+01,1.620000076293945312e+01,1.630000114440917969e+01,1.630000114440917969e+01,1.550000000000000000e+01,1.469999980926513672e+01,1.410000038146972656e+01,1.340000057220458984e+01,nan,1.340000057220458984e+01,1.469999980926513672e+01,1.880000114440917969e+01,2.420000076293945312e+01,2.439999961853027344e+01,3.030000114440917969e+01,3.189999961853027344e+01,3.290000152587890625e+01,3.750000000000000000e+01,4.110000228881835938e+01,4.310000228881835938e+01,4.850000000000000000e+01,4.770000076293945312e+01,3.400000000000000000e+01,3.350000000000000000e+01,nan,nan,nan,3.370000076293945312e+01,3.740000152587890625e+01,3.700000000000000000e+01
nan,nan,nan,nan,nan,nan,nan,nan,nan,nan,nan,nan,nan,nan,nan,nan,1.140000000000000000e+02,1.083000030517578125e+02,9.750000000000000000e+01,nan,nan,7.009999847412109375e+01,6.580000305175781250e+01,nan,nan,nan,nan,nan,nan,7.520000457763671875e+01,1.789000091552734375e+02,1.788000030517578125e+02,1.290000000000000000e+02,8.480000305175781250e+01,6.550000000000000000e+01,4.410000228881835938e+01,2.930000114440917969e+01,2.120000076293945312e+01,2.070000076293945312e+01,2.270000076293945312e+01,2.220000076293945312e+01,1.910000038146972656e+01,1.560000038146972656e+01,1.730000114440917969e+01,1.770000076293945312e+01,1.950000000000000000e+01,1.720000076293945312e+01,1.730000114440917969e+01,1.880000114440917969e+01,1.639999961853027344e+01,1.730000114440917969e+01,1.760000038146972656e+01,1.730000114440917969e+01,1.770000076293945312e+01,1.700000000000000000e+01,1.290000057220458984e+01,nan,nan,nan,nan,nan,nan,2.439999961853027344e+01,2.839999961853027344e+01,3.440000152587890625e+01,3.479999923706054688e+01,3.270000076293945312e+01,3.340000152587890625e+01,3.590000152587890625e+01,3.840000152587890625e+01,4.190000152587890625e+01,4.329999923706054688e+01,4.679999923706054688e+01,4.040000152587890625e+01,3.990000152587890625e+01,3.810000228881835938e+01,3.679999923706054688e+01,3.679999923706054688e+01,3.800000000000000000e+01,3.770000076293945312e+01
nan,nan,nan,nan,nan,nan,1.779000091552734375e+02,nan,nan,nan,nan,nan,nan,nan,nan,nan,nan,nan,nan,nan,nan,nan,nan,nan,nan,nan,nan,nan,nan,7.370000457763671875e+01,1.541000061035156250e+02,1.380000000000000000e+02,1.219000015258789062e+02,8.659999847412109375e+01,5.060000228881835938e+01,3.310000228881835938e+01,3.520000076293945312e+01,2.580000114440917969e+01,1.700000000000000000e+01,2.339999961853027344e+01,1.880000114440917969e+01,2.189999961853027344e+01,2.089999961853027344e+01,1.510000038146972656e+01,2.239999961853027344e+01,2.460000038146972656e+01,1.789999961853027344e+01,1.760000038146972656e+01,1.839999961853027344e+01,1.820000076293945312e+01,1.810000038146972656e+01,2.020000076293945312e+01,2.170000076293945312e+01,2.010000038146972656e+01,1.530000019073486328e+01,nan,nan,nan,nan,nan,nan,nan,2.439999961853027344e+01,2.750000000000000000e+01,2.960000038146972656e+01,3.279999923706054688e+01,3.290000152587890625e+01,3.400000000000000000e+01,3.210000228881835938e+01,3.429999923706054688e+01,3.850000000000000000e+01,4.070000076293945312e+01,4.700000000000000000e+01,4.600000000000000000e+01,4.379999923706054688e+01,4.429999923706054688e+01,3.679999923706054688e+01,3.670000076293945312e+01,3.779999923706054688e+01,3.710000228881835938e+01
nan,nan,nan,nan,nan,nan,1.936000061035156250e+02,nan,nan,nan,nan,nan,nan,nan,nan,nan,nan,nan,nan,nan,nan,nan,nan,nan,nan,nan,nan,nan,nan,7.359999847412109375e+01,1.218000030517578125e+02,1.217000045776367188e+02,1.128000030517578125e+02,9.159999847412109375e+01,5.940000152587890625e+01,3.700000000000000000e+01,3.960000228881835938e+01,2.910000038146972656e+01,2.210000038146972656e+01,1.860000038146972656e+01,1.650000000000000000e+01,1.800000000000000000e+01,1.739999961853027344e+01,1.630000114440917969e+01,1.820000076293945312e+01,2.200000000000000000e+01,2.060000038146972656e+01,2.430000114440917969e+01,2.339999961853027344e+01,2.089999961853027344e+01,1.960000038146972656e+01,2.110000038146972656e+01,2.289999961853027344e+01,2.260000038146972656e+01,1.560000038146972656e+01,nan,nan,nan,nan,nan,nan,nan,2.330000114440917969e+01,2.710000038146972656e+01,2.760000038146972656e+01,2.900000000000000000e+01,3.300000000000000000e+01,3.310000228881835938e+01,3.379999923706054688e+01,3.170000076293945312e+01,3.490000152587890625e+01,4.090000152587890625e+01,4.320000076293945312e+01,4.100000000000000000e+01,3.870000076293945312e+01,3.990000152587890625e+01,3.520000076293945312e+01,3.560000228881835938e+01,3.729999923706054688e+01,3.729999923706054688e+01
nan,nan,nan,nan,nan,2.123000030517578125e+02,2.049000091552734375e+02,1.953000030517578125e+02,nan,nan,nan,nan,nan,nan,nan,nan,nan,nan,nan,nan,nan,nan,nan,nan,nan,nan,nan,nan,nan,nan,7.090000152587890625e+01,7.920000457763671875e+01,8.759999847412109375e+01,9.180000305175781250e+01,8.090000152587890625e+01,7.820000457763671875e+01,6.880000305175781250e+01,6.070000076293945312e+01,4.690000152587890625e+01,3.579999923706054688e+01,2.070000076293945312e+01,1.820000076293945312e+01,2.189999961853027344e+01,2.030000114440917969e+01,2.760000038146972656e+01,2.639999961853027344e+01,2.589999961853027344e+01,3.000000000000000000e+01,2.370000076293945312e+01,1.870000076293945312e+01,1.860000038146972656e+01,2.089999961853027344e+01,2.110000038146972656e+01,2.330000114440917969e+01,2.089999961853027344e+01,1.770000076293945312e+01,1.650000000000000000e+01,nan,nan,nan,nan,nan,2.380000114440917969e+01,2.630000114440917969e+01,2.680000114440917969e+01,2.750000000000000000e+01,2.839999961853027344e+01,2.900000000000000000e+01,2.950000000000000000e+01,2.839999961853027344e+01,3.350000000000000000e+01,3.770000076293945312e+01,3.890000152587890625e+01,3.679999923706054688e+01,3.350000000000000000e+01,3.570000076293945312e+01,3.679999923706054688e+01,3.729999923706054688e+01,3.670000076293945312e+01,3.510000228881835938e+01
nan,nan,nan,nan,nan,nan,nan,nan,nan,nan,nan,nan,nan,nan,nan,nan,nan,nan,nan,nan,nan,nan,nan,nan,nan,nan,nan,nan,nan,nan,nan,nan,6.809999847412109375e+01,6.570000457763671875e+01,1.038000030517578125e+02,9.359999847412109375e+01,8.600000000000000000e+01,8.009999847412109375e+01,6.509999847412109375e+01,4.550000000000000000e+01,3.629999923706054688e+01,3.240000152587890625e+01,3.189999961853027344e+01,3.670000076293945312e+01,3.760000228881835938e+01,3.479999923706054688e+01,2.839999961853027344e+01,3.050000000000000000e+01,2.100000000000000000e+01,1.510000038146972656e+01,1.760000038146972656e+01,1.970000076293945312e+01,1.980000114440917969e+01,2.239999961853027344e+01,2.439999961853027344e+01,2.380000114440917969e+01,2.300000000000000000e+01,1.900000000000000000e+01,nan,nan,nan,nan,2.310000038146972656e+01,2.310000038146972656e+01,2.450000000000000000e+01,2.450000000000000000e+01,2.460000038146972656e+01,2.770000076293945312e+01,2.830000114440917969e+01,2.970000076293945312e+01,3.210000228881835938e+01,3.350000000000000000e+01,3.540000152587890625e+01,3.540000152587890625e+01,3.550000000000000000e+01,3.300000000000000000e+01,3.340000152587890625e+01,3.440000152587890625e+01,3.370000076293945312e+01,3.120000076293945312e+01
nan,nan,nan,nan,nan,nan,nan,nan,nan,nan,nan,nan,nan,nan,nan,nan,nan,nan,nan,nan,nan,nan,nan,nan,nan,nan,nan,nan,nan,nan,nan,nan,nan,nan,6.959999847412109375e+01,6.630000305175781250e+01,8.300000000000000000e+01,8.109999847412109375e+01,7.150000000000000000e+01,5.320000076293945312e+01,5.320000076293945312e+01,5.050000000000000000e+01,5.210000228881835938e+01,5.120000076293945312e+01,4.290000152587890625e+01,3.960000228881835938e+01,3.440000152587890625e+01,2.600000000000000000e+01,1.870000076293945312e+01,1.390000057220458984e+01,1.650000000000000000e+01,1.939999961853027344e+01,2.139999961853027344e+01,2.239999961853027344e+01,2.139999961853027344e+01,2.650000000000000000e+01,2.950000000000000000e+01,2.960000038146972656e+01,2.000000000000000000e+01,1.939999961853027344e+01,nan,nan,2.350000000000000000e+01,2.350000000000000000e+01,2.420000076293945312e+01,2.660000038146972656e+01,2.710000038146972656e+01,2.680000114440917969e+01,2.589999961853027344e+01,2.789999961853027344e+01,2.930000114440917969e+01,3.100000000000000000e+01,3.250000000000000000e+01,3.300000000000000000e+01,3.120000076293945312e+01,2.770000076293945312e+01,2.650000000000000000e+01,2.870000076293945312e+01,2.989999961853027344e+01,2.770000076293945312e+01
nan,nan,nan,nan,nan,nan,nan,nan,nan,nan,nan,nan,nan,nan,nan,nan,nan,nan,nan,nan,nan,nan,nan,nan,nan,nan,nan,nan,nan,nan,nan,nan,nan,nan,nan,nan,6.010000228881835938e+01,6.900000000000000000e+01,5.150000000000000000e+01,5.710000228881835938e+01,8.290000152587890625e+01,7.959999847412109375e+01,7.250000000000000000e+01,7.250000000000000000e+01,5.990000152587890625e+01,5.090000152587890625e+01,4.160000228881835938e+01,3.089999961853027344e+01,2.380000114440917969e+01,1.720000076293945312e+01,1.730000114440917969e+01,1.880000114440917969e+01,1.989999961853027344e+01,2.150000000000000000e+01,2.250000000000000000e+01,2.539999961853027344e+01,2.780000114440917969e+01,3.180000114440917969e+01,3.030000114440917969e+01,2.810000038146972656e+01,2.410000038146972656e+01,2.180000114440917969e+01,nan,nan,2.400000000000000000e+01,2.930000114440917969e+01,3.050000000000000000e+01,2.989999961853027344e+01,2.920000076293945312e+01,2.839999961853027344e+01,2.760000038146972656e+01,2.770000076293945312e+01,2.870000076293945312e+01,2.920000076293945312e+01,2.970000076293945312e+01,2.400000000000000000e+01,2.360000038146972656e+01,2.480000114440917969e+01,2.760000038146972656e+01,2.739999961853027344e+01
nan,nan,nan,nan,nan,nan,nan,nan,nan,nan,nan,nan,nan,nan,nan,nan,nan,nan,nan,nan,nan,nan,nan,nan,nan,nan,nan,nan,nan,nan,nan,nan,nan,nan,nan,nan,nan,nan,nan,nan,6.670000457763671875e+01,9.350000000000000000e+01,9.930000305175781250e+01,9.240000152587890625e+01,8.150000000000000000e+01,7.240000152587890625e+01,5.600000000000000000e+01,4.720000076293945312e+01,3.570000076293945312e+01,2.820000076293945312e+01,2.310000038146972656e+01,2.230000114440917969e+01,2.270000076293945312e+01,2.370000076293945312e+01,2.680000114440917969e+01,2.710000038146972656e+01,2.889999961853027344e+01,3.010000038146972656e+01,2.980000114440917969e+01,3.010000038146972656e+01,2.430000114440917969e+01,2.510000038146972656e+01,2.270000076293945312e+01,nan,nan,nan,2.870000076293945312e+01,3.089999961853027344e+01,3.030000114440917969e+01,2.870000076293945312e+01,2.700000000000000000e+01,2.710000038146972656e+01,2.700000000000000000e+01,2.770000076293945312e+01,2.560000038146972656e+01,2.089999961853027344e+01,2.150000000000000000e+01,2.139999961853027344e+01,2.150000000000000000e+01,2.150000000000000000e+01
nan,nan,nan,nan,nan,nan,nan,nan,nan,nan,nan,nan,nan,nan,nan,nan,nan,nan,nan,nan,nan,nan,nan,nan,nan,nan,nan,nan,nan,nan,nan,nan,nan,nan,nan,nan,nan,nan,nan,nan,nan,9.909999847412109375e+01,1.290000000000000000e+02,1.501000061035156250e+02,1.395000000000000000e+02,1.279000015258789062e+02,1.105999984741210938e+02,1.074000015258789062e+02,7.559999847412109375e+01,5.979999923706054688e+01,5.220000076293945312e+01,3.579999923706054688e+01,3.910000228881835938e+01,2.810000038146972656e+01,2.889999961853027344e+01,3.030000114440917969e+01,2.780000114440917969e+01,2.800000000000000000e+01,2.820000076293945312e+01,2.960000038146972656e+01,2.230000114440917969e+01,2.520000076293945312e+01,2.430000114440917969e+01,nan,nan,nan,nan,nan,2.860000038146972656e+01,2.730000114440917969e+01,2.589999961853027344e+01,2.839999961853027344e+01,2.820000076293945312e+01,2.789999961853027344e+01,2.620000076293945312e+01,2.060000038146972656e+01,1.980000114440917969e+01,1.910000038146972656e+01,1.920000076293945312e+01,1.960000038146972656e+01
nan,nan,nan,nan,nan,nan,nan,nan,nan,nan,nan,nan,nan,nan,nan,nan,nan,nan,nan,nan,nan,nan,nan,nan,nan,nan,nan,nan,nan,nan,nan,nan,nan,nan,nan,nan,nan,nan,nan,nan,nan,nan,nan,1.436000061035156250e+02,1.953000030517578125e+02,2.111000061035156250e+02,2.103000030517578125e+02,1.761999969482421875e+02,1.419000091552734375e+02,1.033000030517578125e+02,9.770000457763671875e+01,8.020000457763671875e+01,5.910000228881835938e+01,4.770000076293945312e+01,3.879999923706054688e+01,3.720000076293945312e+01,2.380000114440917969e+01,2.530000114440917969e+01,2.770000076293945312e+01,2.520000076293945312e+01,2.800000000000000000e+01,2.760000038146972656e+01,2.450000000000000000e+01,2.389999961853027344e+01,nan,nan,nan,nan,nan,2.800000000000000000e+01,2.680000114440917969e+01,2.710000038146972656e+01,2.539999961853027344e+01,3.170000076293945312e+01,3.250000000000000000e+01,2.830000114440917969e+01,2.700000000000000000e+01,2.800000000000000000e+01,2.570000076293945312e+01,2.780000114440917969e+01
nan,nan,nan,nan,nan,nan,nan,nan,nan,nan,nan,nan,nan,nan,nan,nan,nan,nan,nan,nan,nan,nan,nan,1.148000030517578125e+02,1.140999984741210938e+02,nan,nan,nan,nan,nan,nan,nan,nan,nan,nan,nan,nan,nan,nan,nan,nan,nan,nan,1.681000061035156250e+02,1.715000000000000000e+02,2.616000061035156250e+02,2.628000183105468750e+02,2.511000061035156250e+02,2.245000000000000000e+02,1.779000091552734375e+02,1.364000091552734375e+02,1.050999984741210938e+02,7.480000305175781250e+01,6.070000076293945312e+01,5.010000228881835938e+01,4.529999923706054688e+01,4.060000228881835938e+01,3.779999923706054688e+01,3.890000152587890625e+01,3.820000076293945312e+01,3.130000114440917969e+01,2.839999961853027344e+01,2.560000038146972656e+01,2.560000038146972656e+01,2.570000076293945312e+01,2.639999961853027344e+01,3.000000000000000000e+01,2.660000038146972656e+01,3.089999961853027344e+01,2.510000038146972656e+01,2.600000000000000000e+01,2.689999961853027344e+01,2.950000000000000000e+01,3.020000076293945312e+01,2.980000114440917969e+01,2.989999961853027344e+01,2.810000038146972656e+01,2.780000114440917969e+01,2.780000114440917969e+01,3.000000000000000000e+01
nan,nan,nan,nan,nan,nan,nan,nan,nan,nan,nan,nan,nan,nan,nan,nan,nan,nan,nan,nan,nan,nan,nan,1.120000000000000000e+02,1.130000000000000000e+02,nan,nan,nan,nan,nan,nan,nan,nan,nan,nan,nan,nan,nan,nan,nan,nan,nan,nan,nan,1.981999969482421875e+02,2.046000061035156250e+02,3.575000000000000000e+02,3.166000061035156250e+02,2.791000061035156250e+02,2.299000091552734375e+02,1.901000061035156250e+02,1.471000061035156250e+02,9.600000000000000000e+01,6.750000000000000000e+01,5.910000228881835938e+01,4.979999923706054688e+01,4.620000076293945312e+01,4.179999923706054688e+01,3.810000228881835938e+01,3.929999923706054688e+01,3.529999923706054688e+01,4.050000000000000000e+01,3.660000228881835938e+01,2.800000000000000000e+01,2.800000000000000000e+01,2.800000000000000000e+01,2.960000038146972656e+01,3.050000000000000000e+01,2.839999961853027344e+01,2.480000114440917969e+01,2.350000000000000000e+01,2.370000076293945312e+01,2.300000000000000000e+01,2.139999961853027344e+01,2.700000000000000000e+01,2.670000076293945312e+01,2.889999961853027344e+01,2.760000038146972656e+01,2.689999961853027344e+01,2.880000114440917969e+01
nan,nan,nan,nan,nan,nan,nan,nan,nan,nan,nan,nan,nan,nan,nan,nan,nan,nan,nan,nan,nan,nan,nan,nan,nan,nan,nan,nan,nan,nan,nan,nan,nan,nan,nan,nan,nan,nan,nan,nan,nan,nan,nan,nan,nan,nan,2.079000091552734375e+02,3.328999938964843750e+02,3.051000061035156250e+02,2.611000061035156250e+02,2.216999969482421875e+02,1.750000000000000000e+02,1.278000030517578125e+02,1.005999984741210938e+02,8.000000000000000000e+01,5.560000228881835938e+01,5.300000000000000000e+01,4.440000152587890625e+01,3.900000000000000000e+01,3.579999923706054688e+01,3.180000114440917969e+01,3.690000152587890625e+01,3.189999961853027344e+01,3.279999923706054688e+01,2.900000000000000000e+01,2.680000114440917969e+01,2.580000114440917969e+01,2.289999961853027344e+01,2.289999961853027344e+01,2.039999961853027344e+01,1.989999961853027344e+01,1.989999961853027344e+01,1.889999961853027344e+01,1.830000114440917969e+01,2.300000000000000000e+01,2.080000114440917969e+01,2.580000114440917969e+01,2.539999961853027344e+01,2.639999961853027344e+01,2.830000114440917969e+01
nan,nan,nan,nan,nan,nan,nan,nan,nan,nan,nan,nan,nan,nan,nan,nan,nan,nan,nan,nan,nan,nan,nan,nan,nan,nan,nan,nan,nan,nan,nan,nan,nan,nan,nan,nan,nan,nan,nan,nan,nan,nan,nan,nan,nan,nan,2.071999969482421875e+02,1.965000000000000000e+02,1.831000061035156250e+02,2.336000061035156250e+02,2.141999969482421875e+02,2.054000091552734375e+02,1.810000000000000000e+02,1.378000030517578125e+02,1.277000045776367188e+02,1.373000030517578125e+02,7.380000305175781250e+01,6.090000152587890625e+01,4.250000000000000000e+01,3.479999923706054688e+01,4.160000228881835938e+01,3.850000000000000000e+01,3.520000076293945312e+01,3.000000000000000000e+01,2.600000000000000000e+01,2.080000114440917969e+01,2.400000000000000000e+01,2.389999961853027344e+01,1.960000038146972656e+01,1.950000000000000000e+01,1.830000114440917969e+01,1.680000114440917969e+01,1.689999961853027344e+01,1.650000000000000000e+01,1.730000114440917969e+01,1.610000038146972656e+01,1.610000038146972656e+01,1.419999980926513672e+01,1.720000076293945312e+01,1.860000038146972656e+01
nan,nan,nan,nan,nan,nan,nan,nan,nan,nan,nan,nan,nan,nan,nan,nan,nan,nan,nan,nan,nan,nan,nan,nan,nan,nan,nan,nan,nan,nan,nan,nan,nan,nan,nan,nan,nan,nan,nan,nan,nan,nan,nan,nan,nan,2.209000091552734375e+02,2.166000061035156250e+02,nan,nan,1.805000000000000000e+02,2.284000091552734375e+02,2.413000030517578125e+02,2.111000061035156250e+02,1.696000061035156250e+02,1.205999984741210938e+02,1.401000061035156250e+02,9.870000457763671875e+01,8.180000305175781250e+01,4.660000228881835938e+01,3.650000000000000000e+01,3.560000228881835938e+01,3.360000228881835938e+01,3.050000000000000000e+01,1.860000038146972656e+01,1.839999961853027344e+01,1.830000114440917969e+01,2.060000038146972656e+01,2.050000000000000000e+01,1.500000000000000000e+01,1.390000057220458984e+01,1.360000038146972656e+01,1.400000000000000000e+01,1.280000019073486328e+01,1.369999980926513672e+01,1.490000057220458984e+01,1.430000019073486328e+01,1.410000038146972656e+01,1.380000019073486328e+01,1.750000000000000000e+01,2.410000038146972656e+01
nan,nan,nan,nan,nan,nan,nan,nan,nan,nan,nan,nan,nan,nan,nan,nan,nan,nan,nan,nan,nan,nan,nan,nan,nan,nan,nan,nan,nan,nan,nan,nan,nan,nan,nan,nan,nan,nan,nan,nan,nan,nan,nan,nan,nan,2.075000000000000000e+02,2.065000000000000000e+02,2.005000000000000000e+02,1.881000061035156250e+02,2.481999969482421875e+02,2.458000030517578125e+02,2.485000000000000000e+02,2.213000030517578125e+02,1.788000030517578125e+02,1.239000015258789062e+02,1.278000030517578125e+02,1.179000015258789062e+02,9.420000457763671875e+01,7.240000152587890625e+01,4.860000228881835938e+01,4.240000152587890625e+01,3.770000076293945312e+01,3.170000076293945312e+01,2.830000114440917969e+01,2.500000000000000000e+01,2.430000114440917969e+01,1.560000038146972656e+01,2.139999961853027344e+01,2.280000114440917969e+01,2.580000114440917969e+01,2.460000038146972656e+01,2.439999961853027344e+01,1.910000038146972656e+01,1.930000114440917969e+01,1.680000114440917969e+01,1.889999961853027344e+01,1.930000114440917969e+01,1.980000114440917969e+01,2.760000038146972656e+01,2.880000114440917969e+01
nan,nan,nan,nan,nan,nan,nan,nan,nan,nan,nan,nan,nan,nan,nan,nan,nan,nan,nan,nan,nan,nan,nan,nan,nan,nan,nan,nan,nan,nan,nan,nan,nan,nan,nan,nan,nan,nan,nan,nan,nan,nan,nan,nan,nan,nan,nan,nan,1.821999969482421875e+02,2.560000000000000000e+02,2.474000091552734375e+02,2.466999969482421875e+02,2.076999969482421875e+02,1.633000030517578125e+02,1.483000030517578125e+02,1.448000030517578125e+02,1.413000030517578125e+02,1.140999984741210938e+02,1.008000030517578125e+02,8.359999847412109375e+01,6.310000228881835938e+01,4.470000076293945312e+01,4.329999923706054688e+01,4.290000152587890625e+01,3.340000152587890625e+01,3.290000152587890625e+01,2.139999961853027344e+01,2.280000114440917969e+01,2.289999961853027344e+01,2.689999961853027344e+01,2.580000114440917969e+01,2.560000038146972656e+01,2.150000000000000000e+01,2.150000000000000000e+01,1.789999961853027344e+01,1.519999980926513672e+01,1.680000114440917969e+01,1.839999961853027344e+01,1.860000038146972656e+01,2.039999961853027344e+01
nan,nan,nan,nan,nan,nan,nan,nan,nan,nan,nan,nan,nan,nan,nan,nan,nan,nan,nan,nan,nan,nan,nan,nan,nan,nan,nan,nan,nan,nan,nan,nan,nan,nan,nan,nan,nan,nan,nan,nan,nan,nan,nan,nan,nan,nan,nan,nan,nan,nan,1.526000061035156250e+02,1.436000061035156250e+02,1.262000045776367188e+02,1.177000045776367188e+02,1.499000091552734375e+02,1.536000061035156250e+02,1.381000061035156250e+02,1.169000015258789062e+02,1.077000045776367188e+02,1.032000045776367188e+02,8.320000457763671875e+01,6.990000152587890625e+01,6.520000457763671875e+01,5.750000000000000000e+01,4.660000228881835938e+01,4.679999923706054688e+01,4.090000152587890625e+01,2.839999961853027344e+01,2.660000038146972656e+01,2.760000038146972656e+01,2.860000038146972656e+01,2.989999961853027344e+01,3.180000114440917969e+01,2.530000114440917969e+01,1.920000076293945312e+01,2.000000000000000000e+01,1.939999961853027344e+01,2.020000076293945312e+01,2.089999961853027344e+01,2.230000114440917969e+01
nan,nan,nan,nan,nan,nan,nan,nan,nan,nan,nan,nan,nan,nan,nan,nan,nan,nan,nan,nan,nan,nan,nan,nan,nan,nan,nan,nan,nan,nan,nan,nan,nan,nan,nan,nan,nan,nan,nan,nan,nan,1.549000091552734375e+02,nan,nan,nan,nan,nan,nan,nan,nan,nan,nan,nan,nan,1.092000045776367188e+02,1.019000015258789062e+02,9.150000000000000000e+01,1.264000015258789062e+02,1.209000015258789062e+02,1.040999984741210938e+02,1.067000045776367188e+02,9.800000000000000000e+01,8.090000152587890625e+01,7.550000000000000000e+01,6.709999847412109375e+01,7.240000152587890625e+01,6.409999847412109375e+01,5.650000000000000000e+01,4.529999923706054688e+01,4.760000228881835938e+01,3.940000152587890625e+01,4.460000228881835938e+01,4.500000000000000000e+01,3.390000152587890625e+01,3.030000114440917969e+01,3.120000076293945312e+01,2.930000114440917969e+01,2.760000038146972656e+01,2.660000038146972656e+01,2.900000000000000000e+01
